"CustomerID","Date","Product","Category","Price","Quantity","Gender","Age","Country","Total_Sales","Month","Quarter"
"1","2022-08-25","Fish Oil Capsules","Vitamins","50","30","Male","53","UK","1500","Aug","3"
"2","2022-02-07","Ciprofloxacin","Antibiotics","40","17","Female","40","Canada","680","Feb","1"
"3","2022-09-09","Ciprofloxacin","Antibiotics","45","2","Female","38","UK","90","Sep","3"
"4","2022-10-10","Fish Oil Capsules","Vitamins","30","22","Male","28","UK","660","Oct","4"
"5","2022-10-08","Ibuprofen","Pain Relief","50","29","Female","41","UK","1450","Oct","4"
"6","2022-07-25","Ibuprofen","Pain Relief","40","22","Female","65","Canada","880","Jul","3"
"7","2022-06-08","Ciprofloxacin","Antibiotics","35","22","Male","49","USA","770","Jun","2"
"8","2022-12-01","Vitamin D","Vitamins","50","23","Male","58","UK","1150","Dec","4"
"9","2022-03-31","Ciprofloxacin","Antibiotics","30","17","Male","35","UK","510","Mar","1"
"10","2022-12-05","Ibuprofen","Pain Relief","15","4","Female","40","UK","60","Dec","4"
"11","2022-06-20","Simvastatin","Cholesterol Management","40","11","Female","41","Canada","440","Jun","2"
"12","2022-01-08","Fish Oil Capsules","Vitamins","35","29","Male","30","UK","1015","Jan","1"
"13","2022-05-22","Vitamin D","Vitamins","50","22","Male","57","Canada","1100","May","2"
"14","2022-01-13","Simvastatin","Cholesterol Management","45","13","Female","57","Canada","585","Jan","1"
"15","2022-07-16","Simvastatin","Cholesterol Management","50","3","Female","22","Canada","150","Jul","3"
"16","2022-01-30","Ibuprofen","Pain Relief","5","15","Male","36","USA","75","Jan","1"
"17","2022-06-24","Ibuprofen","Pain Relief","25","4","Male","21","UK","100","Jun","2"
"18","2022-01-25","Ibuprofen","Pain Relief","30","30","Male","56","UK","900","Jan","1"
"19","2022-06-15","Ibuprofen","Pain Relief","40","4","Male","50","Canada","160","Jun","2"
"20","2022-10-23","Simvastatin","Cholesterol Management","15","29","Male","40","Canada","435","Oct","4"
"21","2022-08-17","Lipitor","Cholesterol Management","50","20","Male","51","USA","1000","Aug","3"
"22","2022-12-27","Ciprofloxacin","Antibiotics","15","28","Female","30","UK","420","Dec","4"
"23","2022-05-02","Amoxicillin","Antibiotics","10","30","Female","34","Canada","300","May","2"
"24","2022-06-04","Lipitor","Cholesterol Management","50","6","Female","19","Canada","300","Jun","2"
"25","2022-07-15","Aspirin","Pain Relief","20","11","Female","29","Canada","220","Jul","3"
"26","2022-10-11","Lipitor","Cholesterol Management","50","28","Male","55","USA","1400","Oct","4"
"27","2022-09-23","Fish Oil Capsules","Vitamins","35","20","Male","35","USA","700","Sep","3"
"28","2022-01-31","Ibuprofen","Pain Relief","40","19","Female","49","USA","760","Jan","1"
"29","2022-11-17","Simvastatin","Cholesterol Management","5","2","Female","21","UK","10","Nov","4"
"30","2022-11-26","Ciprofloxacin","Antibiotics","10","8","Male","64","UK","80","Nov","4"
"31","2022-04-30","Lipitor","Cholesterol Management","20","19","Female","26","UK","380","Apr","2"
"32","2022-09-13","Simvastatin","Cholesterol Management","40","5","Male","60","UK","200","Sep","3"
"33","2022-10-08","Simvastatin","Cholesterol Management","20","25","Female","33","USA","500","Oct","4"
"34","2022-01-20","Ibuprofen","Pain Relief","10","19","Male","36","USA","190","Jan","1"
"35","2022-10-13","Amoxicillin","Antibiotics","45","21","Male","54","USA","945","Oct","4"
"36","2022-11-27","Ciprofloxacin","Antibiotics","30","29","Male","44","USA","870","Nov","4"
"37","2022-03-29","Vitamin D","Vitamins","35","10","Female","26","UK","350","Mar","1"
"38","2022-10-21","Vitamin D","Vitamins","5","24","Male","65","UK","120","Oct","4"
"39","2022-04-17","Amoxicillin","Antibiotics","40","28","Male","50","UK","1120","Apr","2"
"40","2022-04-04","Ciprofloxacin","Antibiotics","30","2","Male","28","Canada","60","Apr","2"
"41","2022-08-15","Amoxicillin","Antibiotics","45","3","Female","59","UK","135","Aug","3"
"42","2022-09-28","Simvastatin","Cholesterol Management","25","14","Female","50","Canada","350","Sep","3"
"43","2022-08-28","Amoxicillin","Antibiotics","5","11","Female","48","USA","55","Aug","3"
"44","2022-04-07","Vitamin D","Vitamins","20","13","Male","60","UK","260","Apr","2"
"45","2022-01-04","Amoxicillin","Antibiotics","5","5","Female","40","USA","25","Jan","1"
"46","2022-12-06","Vitamin D","Vitamins","5","8","Female","38","UK","40","Dec","4"
"47","2022-09-29","Ciprofloxacin","Antibiotics","5","11","Female","45","Canada","55","Sep","3"
"48","2022-04-15","Vitamin D","Vitamins","45","23","Male","63","Canada","1035","Apr","2"
"49","2022-06-02","Fish Oil Capsules","Vitamins","10","4","Female","33","Canada","40","Jun","2"
"50","2022-07-09","Vitamin D","Vitamins","20","14","Male","27","UK","280","Jul","3"
"51","2022-03-07","Vitamin D","Vitamins","25","22","Female","48","UK","550","Mar","1"
"52","2022-01-27","Amoxicillin","Antibiotics","10","5","Female","60","UK","50","Jan","1"
"53","2022-12-02","Simvastatin","Cholesterol Management","45","30","Female","24","USA","1350","Dec","4"
"54","2022-12-10","Simvastatin","Cholesterol Management","10","1","Male","31","USA","10","Dec","4"
"55","2022-10-13","Fish Oil Capsules","Vitamins","20","18","Female","42","UK","360","Oct","4"
"56","2022-09-06","Ciprofloxacin","Antibiotics","40","30","Male","48","Canada","1200","Sep","3"
"57","2022-10-18","Lipitor","Cholesterol Management","15","14","Female","30","USA","210","Oct","4"
"58","2022-04-09","Simvastatin","Cholesterol Management","10","8","Male","46","USA","80","Apr","2"
"59","2022-01-12","Ciprofloxacin","Antibiotics","45","14","Male","53","USA","630","Jan","1"
"60","2022-03-28","Vitamin D","Vitamins","45","4","Male","21","UK","180","Mar","1"
"61","2022-09-25","Vitamin D","Vitamins","50","9","Female","52","USA","450","Sep","3"
"62","2022-05-25","Amoxicillin","Antibiotics","40","5","Female","27","UK","200","May","2"
"63","2022-10-17","Simvastatin","Cholesterol Management","20","9","Male","37","USA","180","Oct","4"
"64","2022-06-26","Amoxicillin","Antibiotics","10","1","Female","48","USA","10","Jun","2"
"65","2022-07-16","Simvastatin","Cholesterol Management","10","18","Female","25","USA","180","Jul","3"
"66","2022-03-19","Fish Oil Capsules","Vitamins","50","18","Female","23","Canada","900","Mar","1"
"67","2022-05-12","Amoxicillin","Antibiotics","50","17","Male","62","USA","850","May","2"
"68","2022-07-30","Fish Oil Capsules","Vitamins","20","12","Female","65","Canada","240","Jul","3"
"69","2022-10-30","Aspirin","Pain Relief","40","8","Male","32","Canada","320","Oct","4"
"70","2022-01-25","Fish Oil Capsules","Vitamins","25","13","Female","46","USA","325","Jan","1"
"71","2022-03-22","Fish Oil Capsules","Vitamins","15","4","Female","32","USA","60","Mar","1"
"72","2022-04-28","Vitamin D","Vitamins","10","29","Female","29","Canada","290","Apr","2"
"73","2022-01-10","Aspirin","Pain Relief","5","13","Female","21","USA","65","Jan","1"
"74","2022-02-28","Amoxicillin","Antibiotics","20","16","Male","63","Canada","320","Feb","1"
"75","2022-06-15","Lipitor","Cholesterol Management","10","13","Female","31","USA","130","Jun","2"
"76","2022-06-28","Ibuprofen","Pain Relief","30","25","Male","33","USA","750","Jun","2"
"77","2022-06-13","Vitamin D","Vitamins","15","11","Male","21","UK","165","Jun","2"
"78","2022-08-15","Amoxicillin","Antibiotics","50","1","Male","59","UK","50","Aug","3"
"79","2022-07-19","Fish Oil Capsules","Vitamins","40","28","Male","28","Canada","1120","Jul","3"
"80","2022-03-05","Aspirin","Pain Relief","5","22","Male","40","USA","110","Mar","1"
"81","2022-01-22","Lipitor","Cholesterol Management","25","26","Male","31","UK","650","Jan","1"
"82","2022-04-19","Aspirin","Pain Relief","40","26","Female","40","UK","1040","Apr","2"
"83","2022-03-31","Simvastatin","Cholesterol Management","30","25","Male","48","USA","750","Mar","1"
"84","2022-03-15","Simvastatin","Cholesterol Management","35","14","Male","62","UK","490","Mar","1"
"85","2022-06-20","Simvastatin","Cholesterol Management","20","27","Male","58","USA","540","Jun","2"
"86","2022-11-21","Ibuprofen","Pain Relief","10","28","Male","39","USA","280","Nov","4"
"87","2022-12-12","Aspirin","Pain Relief","50","15","Female","18","Canada","750","Dec","4"
"88","2022-03-24","Vitamin D","Vitamins","5","29","Female","24","Canada","145","Mar","1"
"89","2022-05-20","Amoxicillin","Antibiotics","35","17","Female","43","USA","595","May","2"
"90","2022-06-12","Simvastatin","Cholesterol Management","45","23","Female","43","Canada","1035","Jun","2"
"91","2022-09-07","Simvastatin","Cholesterol Management","35","6","Male","41","USA","210","Sep","3"
"92","2022-10-23","Ciprofloxacin","Antibiotics","15","26","Male","53","USA","390","Oct","4"
"93","2022-07-07","Amoxicillin","Antibiotics","40","25","Female","59","USA","1000","Jul","3"
"94","2022-10-24","Vitamin D","Vitamins","25","27","Male","45","UK","675","Oct","4"
"95","2022-07-07","Ibuprofen","Pain Relief","50","19","Female","58","Canada","950","Jul","3"
"96","2022-10-24","Vitamin D","Vitamins","10","8","Female","64","USA","80","Oct","4"
"97","2022-10-20","Ibuprofen","Pain Relief","10","19","Female","41","USA","190","Oct","4"
"98","2022-10-07","Lipitor","Cholesterol Management","10","21","Male","48","Canada","210","Oct","4"
"99","2022-06-30","Lipitor","Cholesterol Management","15","15","Female","18","UK","225","Jun","2"
"100","2022-06-04","Fish Oil Capsules","Vitamins","5","14","Female","55","Canada","70","Jun","2"
"101","2022-06-25","Simvastatin","Cholesterol Management","25","14","Female","43","USA","350","Jun","2"
"102","2022-11-20","Ciprofloxacin","Antibiotics","25","16","Female","55","USA","400","Nov","4"
"103","2022-02-20","Amoxicillin","Antibiotics","35","4","Male","18","Canada","140","Feb","1"
"104","2022-08-18","Ciprofloxacin","Antibiotics","25","21","Female","57","USA","525","Aug","3"
"105","2022-12-21","Fish Oil Capsules","Vitamins","50","17","Male","54","USA","850","Dec","4"
"106","2022-10-10","Vitamin D","Vitamins","45","2","Male","57","UK","90","Oct","4"
"107","2022-09-17","Simvastatin","Cholesterol Management","25","4","Male","61","USA","100","Sep","3"
"108","2022-07-12","Ibuprofen","Pain Relief","35","23","Male","47","USA","805","Jul","3"
"109","2022-04-11","Aspirin","Pain Relief","40","20","Male","53","UK","800","Apr","2"
"110","2022-01-07","Simvastatin","Cholesterol Management","15","4","Female","41","Canada","60","Jan","1"
"111","2022-07-04","Aspirin","Pain Relief","30","15","Female","50","USA","450","Jul","3"
"112","2022-03-01","Ciprofloxacin","Antibiotics","10","6","Male","22","USA","60","Mar","1"
"113","2022-05-09","Ciprofloxacin","Antibiotics","40","24","Female","48","USA","960","May","2"
"114","2022-08-25","Fish Oil Capsules","Vitamins","30","9","Female","39","USA","270","Aug","3"
"115","2022-09-05","Fish Oil Capsules","Vitamins","35","6","Male","45","Canada","210","Sep","3"
"116","2022-06-03","Ciprofloxacin","Antibiotics","40","28","Male","37","USA","1120","Jun","2"
"117","2022-11-21","Ciprofloxacin","Antibiotics","40","15","Male","47","Canada","600","Nov","4"
"118","2022-05-06","Simvastatin","Cholesterol Management","20","22","Male","31","Canada","440","May","2"
"119","2022-09-19","Simvastatin","Cholesterol Management","35","30","Male","51","UK","1050","Sep","3"
"120","2022-03-07","Ibuprofen","Pain Relief","30","14","Male","27","USA","420","Mar","1"
"121","2022-05-01","Fish Oil Capsules","Vitamins","20","4","Male","42","Canada","80","May","2"
"122","2022-05-24","Ibuprofen","Pain Relief","20","3","Female","27","UK","60","May","2"
"123","2022-08-06","Amoxicillin","Antibiotics","30","6","Female","38","UK","180","Aug","3"
"124","2022-05-06","Ciprofloxacin","Antibiotics","15","23","Female","44","UK","345","May","2"
"125","2022-03-30","Amoxicillin","Antibiotics","30","26","Female","38","USA","780","Mar","1"
"126","2022-06-05","Ibuprofen","Pain Relief","5","22","Male","31","Canada","110","Jun","2"
"127","2022-04-27","Aspirin","Pain Relief","15","4","Male","22","USA","60","Apr","2"
"128","2022-06-29","Ibuprofen","Pain Relief","10","26","Male","34","UK","260","Jun","2"
"129","2022-07-14","Aspirin","Pain Relief","30","19","Female","26","UK","570","Jul","3"
"130","2022-12-31","Ciprofloxacin","Antibiotics","10","28","Female","31","UK","280","Dec","4"
"131","2022-12-11","Ibuprofen","Pain Relief","5","29","Female","23","UK","145","Dec","4"
"132","2022-01-13","Lipitor","Cholesterol Management","20","21","Male","33","USA","420","Jan","1"
"133","2022-03-10","Ciprofloxacin","Antibiotics","40","5","Male","21","UK","200","Mar","1"
"134","2022-08-28","Fish Oil Capsules","Vitamins","10","6","Female","21","USA","60","Aug","3"
"135","2022-10-07","Amoxicillin","Antibiotics","45","9","Female","43","UK","405","Oct","4"
"136","2022-03-15","Ciprofloxacin","Antibiotics","35","8","Male","28","UK","280","Mar","1"
"137","2022-01-09","Ciprofloxacin","Antibiotics","10","12","Female","44","Canada","120","Jan","1"
"138","2022-12-28","Aspirin","Pain Relief","20","29","Male","39","Canada","580","Dec","4"
"139","2022-04-19","Vitamin D","Vitamins","10","21","Male","56","UK","210","Apr","2"
"140","2022-04-21","Aspirin","Pain Relief","45","4","Female","29","UK","180","Apr","2"
"141","2022-02-19","Ciprofloxacin","Antibiotics","30","10","Female","22","USA","300","Feb","1"
"142","2022-06-01","Vitamin D","Vitamins","45","26","Male","27","Canada","1170","Jun","2"
"143","2022-12-13","Simvastatin","Cholesterol Management","5","2","Male","48","UK","10","Dec","4"
"144","2022-11-25","Amoxicillin","Antibiotics","5","19","Female","49","Canada","95","Nov","4"
"145","2022-04-17","Ibuprofen","Pain Relief","30","9","Female","64","UK","270","Apr","2"
"146","2022-05-13","Fish Oil Capsules","Vitamins","20","18","Female","44","UK","360","May","2"
"147","2022-06-11","Amoxicillin","Antibiotics","10","27","Male","49","UK","270","Jun","2"
"148","2022-11-16","Fish Oil Capsules","Vitamins","30","17","Male","46","Canada","510","Nov","4"
"149","2022-06-01","Aspirin","Pain Relief","45","11","Male","38","UK","495","Jun","2"
"150","2022-11-27","Amoxicillin","Antibiotics","25","2","Female","50","Canada","50","Nov","4"
"151","2022-06-01","Vitamin D","Vitamins","15","6","Female","27","Canada","90","Jun","2"
"152","2022-01-10","Ciprofloxacin","Antibiotics","50","4","Male","23","Canada","200","Jan","1"
"153","2022-02-02","Simvastatin","Cholesterol Management","40","18","Female","21","Canada","720","Feb","1"
"154","2022-07-25","Amoxicillin","Antibiotics","40","21","Male","26","USA","840","Jul","3"
"155","2022-05-21","Simvastatin","Cholesterol Management","25","27","Male","23","UK","675","May","2"
"156","2022-06-09","Amoxicillin","Antibiotics","30","5","Female","38","USA","150","Jun","2"
"157","2022-01-05","Vitamin D","Vitamins","10","4","Male","51","USA","40","Jan","1"
"158","2022-09-21","Amoxicillin","Antibiotics","45","4","Male","40","USA","180","Sep","3"
"159","2022-03-04","Fish Oil Capsules","Vitamins","15","10","Male","19","USA","150","Mar","1"
"160","2022-02-22","Ibuprofen","Pain Relief","5","23","Female","18","UK","115","Feb","1"
"161","2022-06-04","Amoxicillin","Antibiotics","30","24","Male","30","USA","720","Jun","2"
"162","2022-02-28","Ibuprofen","Pain Relief","45","26","Female","25","USA","1170","Feb","1"
"163","2022-11-08","Amoxicillin","Antibiotics","45","24","Female","46","UK","1080","Nov","4"
"164","2022-09-25","Vitamin D","Vitamins","25","16","Female","34","UK","400","Sep","3"
"165","2022-03-24","Simvastatin","Cholesterol Management","15","25","Female","27","Canada","375","Mar","1"
"166","2022-12-28","Ciprofloxacin","Antibiotics","10","20","Male","33","Canada","200","Dec","4"
"167","2022-06-24","Ibuprofen","Pain Relief","25","26","Female","21","Canada","650","Jun","2"
"168","2022-01-05","Ciprofloxacin","Antibiotics","50","15","Male","54","USA","750","Jan","1"
"169","2022-02-06","Simvastatin","Cholesterol Management","25","18","Female","61","USA","450","Feb","1"
"170","2022-05-05","Fish Oil Capsules","Vitamins","10","14","Male","54","USA","140","May","2"
"171","2022-08-06","Fish Oil Capsules","Vitamins","20","4","Male","48","UK","80","Aug","3"
"172","2022-03-23","Fish Oil Capsules","Vitamins","50","8","Male","20","UK","400","Mar","1"
"173","2022-10-12","Lipitor","Cholesterol Management","45","21","Female","50","UK","945","Oct","4"
"174","2022-08-20","Simvastatin","Cholesterol Management","45","24","Female","48","USA","1080","Aug","3"
"175","2022-07-17","Ciprofloxacin","Antibiotics","5","17","Male","58","Canada","85","Jul","3"
"176","2022-12-27","Simvastatin","Cholesterol Management","5","14","Male","53","USA","70","Dec","4"
"177","2022-06-23","Ciprofloxacin","Antibiotics","35","2","Male","49","Canada","70","Jun","2"
"178","2022-01-17","Vitamin D","Vitamins","15","10","Female","32","UK","150","Jan","1"
"179","2022-07-23","Vitamin D","Vitamins","10","8","Female","39","USA","80","Jul","3"
"180","2022-07-05","Ibuprofen","Pain Relief","35","14","Male","51","USA","490","Jul","3"
"181","2022-11-06","Aspirin","Pain Relief","10","17","Male","41","USA","170","Nov","4"
"182","2022-07-20","Simvastatin","Cholesterol Management","30","10","Female","23","USA","300","Jul","3"
"183","2022-06-05","Vitamin D","Vitamins","45","13","Male","46","UK","585","Jun","2"
"184","2022-11-25","Ibuprofen","Pain Relief","45","9","Male","39","Canada","405","Nov","4"
"185","2022-01-04","Ciprofloxacin","Antibiotics","35","3","Male","56","UK","105","Jan","1"
"186","2022-04-29","Fish Oil Capsules","Vitamins","50","23","Male","44","UK","1150","Apr","2"
"187","2022-08-13","Ciprofloxacin","Antibiotics","20","27","Male","37","Canada","540","Aug","3"
"188","2022-08-23","Ciprofloxacin","Antibiotics","40","21","Female","33","USA","840","Aug","3"
"189","2022-04-16","Vitamin D","Vitamins","20","18","Male","35","UK","360","Apr","2"
"190","2022-07-01","Ibuprofen","Pain Relief","10","24","Female","59","UK","240","Jul","3"
"191","2022-09-24","Ciprofloxacin","Antibiotics","35","12","Female","24","Canada","420","Sep","3"
"192","2022-11-27","Vitamin D","Vitamins","25","20","Female","57","Canada","500","Nov","4"
"193","2022-05-13","Ciprofloxacin","Antibiotics","50","26","Female","28","UK","1300","May","2"
"194","2022-03-09","Amoxicillin","Antibiotics","15","15","Male","18","USA","225","Mar","1"
"195","2022-11-16","Vitamin D","Vitamins","30","21","Female","51","Canada","630","Nov","4"
"196","2022-06-23","Lipitor","Cholesterol Management","25","27","Male","55","UK","675","Jun","2"
"197","2022-04-22","Amoxicillin","Antibiotics","10","6","Male","64","UK","60","Apr","2"
"198","2022-08-18","Amoxicillin","Antibiotics","5","1","Female","40","Canada","5","Aug","3"
"199","2022-01-14","Lipitor","Cholesterol Management","50","8","Male","65","Canada","400","Jan","1"
"200","2022-08-21","Simvastatin","Cholesterol Management","10","30","Female","32","USA","300","Aug","3"
"201","2022-06-08","Amoxicillin","Antibiotics","20","13","Male","31","UK","260","Jun","2"
"202","2022-01-09","Fish Oil Capsules","Vitamins","35","11","Male","23","UK","385","Jan","1"
"203","2022-02-16","Vitamin D","Vitamins","40","14","Male","56","UK","560","Feb","1"
"204","2022-05-17","Aspirin","Pain Relief","10","5","Female","37","UK","50","May","2"
"205","2022-09-24","Lipitor","Cholesterol Management","25","30","Female","28","USA","750","Sep","3"
"206","2022-10-14","Aspirin","Pain Relief","25","2","Female","51","Canada","50","Oct","4"
"207","2022-07-03","Ibuprofen","Pain Relief","35","21","Female","52","USA","735","Jul","3"
"208","2022-10-02","Aspirin","Pain Relief","20","29","Male","38","UK","580","Oct","4"
"209","2022-07-10","Vitamin D","Vitamins","15","8","Female","21","Canada","120","Jul","3"
"210","2022-05-05","Simvastatin","Cholesterol Management","10","15","Female","18","UK","150","May","2"
"211","2022-03-29","Simvastatin","Cholesterol Management","45","22","Female","20","UK","990","Mar","1"
"212","2022-05-25","Ibuprofen","Pain Relief","15","23","Female","32","USA","345","May","2"
"213","2022-10-30","Lipitor","Cholesterol Management","30","24","Male","19","Canada","720","Oct","4"
"214","2022-08-14","Aspirin","Pain Relief","25","26","Female","64","USA","650","Aug","3"
"215","2022-09-30","Vitamin D","Vitamins","20","15","Female","39","UK","300","Sep","3"
"216","2022-05-22","Amoxicillin","Antibiotics","20","18","Female","60","UK","360","May","2"
"217","2022-09-30","Aspirin","Pain Relief","25","5","Male","19","UK","125","Sep","3"
"218","2022-11-22","Simvastatin","Cholesterol Management","45","11","Female","61","UK","495","Nov","4"
"219","2022-06-27","Fish Oil Capsules","Vitamins","30","10","Male","26","USA","300","Jun","2"
"220","2022-02-03","Vitamin D","Vitamins","30","14","Male","40","UK","420","Feb","1"
"221","2022-09-10","Lipitor","Cholesterol Management","40","5","Male","56","UK","200","Sep","3"
"222","2022-11-08","Simvastatin","Cholesterol Management","5","13","Male","41","USA","65","Nov","4"
"223","2022-01-02","Fish Oil Capsules","Vitamins","50","6","Female","50","Canada","300","Jan","1"
"224","2022-06-21","Amoxicillin","Antibiotics","10","6","Female","56","USA","60","Jun","2"
"225","2022-12-26","Amoxicillin","Antibiotics","5","30","Male","40","USA","150","Dec","4"
"226","2022-10-16","Amoxicillin","Antibiotics","15","19","Male","33","Canada","285","Oct","4"
"227","2022-09-30","Vitamin D","Vitamins","45","8","Male","38","UK","360","Sep","3"
"228","2022-10-30","Ibuprofen","Pain Relief","25","21","Male","22","UK","525","Oct","4"
"229","2022-05-13","Aspirin","Pain Relief","45","3","Female","53","Canada","135","May","2"
"230","2022-05-01","Vitamin D","Vitamins","45","26","Male","36","USA","1170","May","2"
"231","2022-06-13","Ibuprofen","Pain Relief","30","24","Male","32","USA","720","Jun","2"
"232","2022-03-05","Amoxicillin","Antibiotics","35","28","Female","62","Canada","980","Mar","1"
"233","2022-08-22","Ciprofloxacin","Antibiotics","10","13","Female","64","Canada","130","Aug","3"
"234","2022-06-21","Lipitor","Cholesterol Management","5","16","Female","22","Canada","80","Jun","2"
"235","2022-07-21","Ibuprofen","Pain Relief","15","8","Female","60","UK","120","Jul","3"
"236","2022-03-01","Fish Oil Capsules","Vitamins","5","14","Male","21","USA","70","Mar","1"
"237","2022-07-28","Fish Oil Capsules","Vitamins","40","14","Female","19","Canada","560","Jul","3"
"238","2022-04-18","Vitamin D","Vitamins","15","25","Female","20","USA","375","Apr","2"
"239","2022-06-02","Aspirin","Pain Relief","20","18","Male","52","UK","360","Jun","2"
"240","2022-05-01","Amoxicillin","Antibiotics","30","22","Male","29","Canada","660","May","2"
"241","2022-12-16","Lipitor","Cholesterol Management","30","17","Male","19","Canada","510","Dec","4"
"242","2022-02-15","Aspirin","Pain Relief","10","9","Female","40","USA","90","Feb","1"
"243","2022-06-17","Lipitor","Cholesterol Management","15","30","Male","44","Canada","450","Jun","2"
"244","2022-02-14","Aspirin","Pain Relief","35","26","Male","44","UK","910","Feb","1"
"245","2022-10-22","Simvastatin","Cholesterol Management","25","1","Female","52","Canada","25","Oct","4"
"246","2022-08-25","Aspirin","Pain Relief","15","17","Female","20","USA","255","Aug","3"
"247","2022-03-15","Lipitor","Cholesterol Management","35","26","Male","55","Canada","910","Mar","1"
"248","2022-02-23","Aspirin","Pain Relief","30","20","Female","57","UK","600","Feb","1"
"249","2022-02-04","Aspirin","Pain Relief","20","24","Male","20","Canada","480","Feb","1"
"250","2022-06-11","Ciprofloxacin","Antibiotics","35","29","Female","54","USA","1015","Jun","2"
"251","2022-12-28","Ciprofloxacin","Antibiotics","15","17","Male","28","UK","255","Dec","4"
"252","2022-06-21","Vitamin D","Vitamins","15","8","Female","48","USA","120","Jun","2"
"253","2022-12-21","Aspirin","Pain Relief","20","6","Female","47","Canada","120","Dec","4"
"254","2022-10-17","Aspirin","Pain Relief","5","6","Male","65","Canada","30","Oct","4"
"255","2022-03-19","Amoxicillin","Antibiotics","30","22","Female","58","USA","660","Mar","1"
"256","2022-11-08","Amoxicillin","Antibiotics","20","23","Female","63","UK","460","Nov","4"
"257","2022-12-09","Ciprofloxacin","Antibiotics","25","10","Female","38","UK","250","Dec","4"
"258","2022-02-15","Vitamin D","Vitamins","35","13","Male","40","UK","455","Feb","1"
"259","2022-09-16","Ibuprofen","Pain Relief","5","8","Female","50","USA","40","Sep","3"
"260","2022-12-19","Amoxicillin","Antibiotics","10","23","Female","22","Canada","230","Dec","4"
"261","2022-02-17","Ciprofloxacin","Antibiotics","5","17","Male","26","USA","85","Feb","1"
"262","2022-12-17","Amoxicillin","Antibiotics","10","26","Male","18","Canada","260","Dec","4"
"263","2022-05-29","Ciprofloxacin","Antibiotics","10","10","Male","41","USA","100","May","2"
"264","2022-11-18","Amoxicillin","Antibiotics","15","19","Female","51","USA","285","Nov","4"
"265","2022-10-26","Fish Oil Capsules","Vitamins","25","15","Male","56","Canada","375","Oct","4"
"266","2022-02-11","Vitamin D","Vitamins","50","9","Female","31","UK","450","Feb","1"
"267","2022-10-23","Lipitor","Cholesterol Management","5","6","Male","62","Canada","30","Oct","4"
"268","2022-11-23","Amoxicillin","Antibiotics","25","8","Female","35","UK","200","Nov","4"
"269","2022-01-31","Vitamin D","Vitamins","35","13","Male","31","USA","455","Jan","1"
"270","2022-04-13","Lipitor","Cholesterol Management","20","30","Female","18","UK","600","Apr","2"
"271","2022-05-15","Aspirin","Pain Relief","35","1","Female","42","UK","35","May","2"
"272","2022-03-11","Aspirin","Pain Relief","30","5","Male","38","UK","150","Mar","1"
"273","2022-06-21","Vitamin D","Vitamins","15","25","Male","31","UK","375","Jun","2"
"274","2022-05-27","Simvastatin","Cholesterol Management","50","23","Female","42","USA","1150","May","2"
"275","2022-01-26","Amoxicillin","Antibiotics","50","9","Male","28","Canada","450","Jan","1"
"276","2022-07-29","Amoxicillin","Antibiotics","15","15","Male","22","Canada","225","Jul","3"
"277","2022-08-05","Ciprofloxacin","Antibiotics","10","29","Female","39","Canada","290","Aug","3"
"278","2022-04-30","Aspirin","Pain Relief","45","4","Female","60","UK","180","Apr","2"
"279","2022-11-17","Vitamin D","Vitamins","35","10","Female","31","Canada","350","Nov","4"
"280","2022-06-28","Lipitor","Cholesterol Management","40","17","Female","48","UK","680","Jun","2"
"281","2022-08-16","Simvastatin","Cholesterol Management","30","29","Female","65","Canada","870","Aug","3"
"282","2022-12-05","Vitamin D","Vitamins","30","5","Male","21","USA","150","Dec","4"
"283","2022-07-28","Ibuprofen","Pain Relief","10","11","Female","61","UK","110","Jul","3"
"284","2022-05-20","Ciprofloxacin","Antibiotics","15","16","Male","52","USA","240","May","2"
"285","2022-12-10","Fish Oil Capsules","Vitamins","15","28","Male","57","Canada","420","Dec","4"
"286","2022-11-20","Lipitor","Cholesterol Management","45","4","Male","65","UK","180","Nov","4"
"287","2022-01-27","Vitamin D","Vitamins","50","16","Female","21","UK","800","Jan","1"
"288","2022-03-16","Fish Oil Capsules","Vitamins","25","30","Female","22","USA","750","Mar","1"
"289","2022-03-31","Amoxicillin","Antibiotics","45","15","Female","30","UK","675","Mar","1"
"290","2022-09-11","Lipitor","Cholesterol Management","45","13","Male","48","USA","585","Sep","3"
"291","2022-08-24","Simvastatin","Cholesterol Management","30","16","Female","22","USA","480","Aug","3"
"292","2022-10-29","Amoxicillin","Antibiotics","35","8","Female","52","UK","280","Oct","4"
"293","2022-11-23","Fish Oil Capsules","Vitamins","25","2","Female","56","UK","50","Nov","4"
"294","2022-11-14","Aspirin","Pain Relief","30","21","Female","41","Canada","630","Nov","4"
"295","2022-06-24","Amoxicillin","Antibiotics","5","29","Male","60","Canada","145","Jun","2"
"296","2022-12-07","Fish Oil Capsules","Vitamins","35","27","Female","18","UK","945","Dec","4"
"297","2022-09-05","Simvastatin","Cholesterol Management","5","9","Female","32","UK","45","Sep","3"
"298","2022-08-17","Ciprofloxacin","Antibiotics","50","26","Female","25","USA","1300","Aug","3"
"299","2022-04-29","Fish Oil Capsules","Vitamins","35","22","Female","26","USA","770","Apr","2"
"300","2022-11-01","Lipitor","Cholesterol Management","35","8","Male","60","UK","280","Nov","4"
"301","2022-05-06","Lipitor","Cholesterol Management","25","26","Male","35","Canada","650","May","2"
"302","2022-03-10","Amoxicillin","Antibiotics","35","15","Male","28","Canada","525","Mar","1"
"303","2022-05-10","Simvastatin","Cholesterol Management","40","8","Male","31","UK","320","May","2"
"304","2022-12-12","Ciprofloxacin","Antibiotics","25","21","Female","53","USA","525","Dec","4"
"305","2022-10-19","Ciprofloxacin","Antibiotics","30","11","Female","57","UK","330","Oct","4"
"306","2022-03-01","Ciprofloxacin","Antibiotics","45","26","Male","26","USA","1170","Mar","1"
"307","2022-05-12","Aspirin","Pain Relief","30","7","Female","59","UK","210","May","2"
"308","2022-04-28","Aspirin","Pain Relief","40","9","Female","51","Canada","360","Apr","2"
"309","2022-02-11","Lipitor","Cholesterol Management","35","29","Female","41","UK","1015","Feb","1"
"310","2022-06-16","Amoxicillin","Antibiotics","10","27","Female","54","UK","270","Jun","2"
"311","2022-10-28","Ibuprofen","Pain Relief","40","18","Female","58","USA","720","Oct","4"
"312","2022-01-17","Aspirin","Pain Relief","15","17","Female","35","Canada","255","Jan","1"
"313","2022-11-29","Aspirin","Pain Relief","25","17","Male","41","Canada","425","Nov","4"
"314","2022-10-09","Amoxicillin","Antibiotics","5","7","Male","24","USA","35","Oct","4"
"315","2022-12-05","Ibuprofen","Pain Relief","35","5","Male","23","UK","175","Dec","4"
"316","2022-02-04","Aspirin","Pain Relief","30","3","Male","37","UK","90","Feb","1"
"317","2022-11-20","Amoxicillin","Antibiotics","45","29","Male","33","Canada","1305","Nov","4"
"318","2022-05-29","Vitamin D","Vitamins","35","17","Female","25","UK","595","May","2"
"319","2022-06-25","Vitamin D","Vitamins","30","30","Male","48","Canada","900","Jun","2"
"320","2022-05-01","Vitamin D","Vitamins","45","26","Male","56","UK","1170","May","2"
"321","2022-09-22","Amoxicillin","Antibiotics","15","28","Female","58","UK","420","Sep","3"
"322","2022-01-29","Fish Oil Capsules","Vitamins","50","13","Male","59","UK","650","Jan","1"
"323","2022-03-26","Ciprofloxacin","Antibiotics","50","2","Male","28","Canada","100","Mar","1"
"324","2022-04-01","Fish Oil Capsules","Vitamins","35","3","Male","39","Canada","105","Apr","2"
"325","2022-11-15","Amoxicillin","Antibiotics","20","25","Female","40","USA","500","Nov","4"
"326","2022-02-02","Fish Oil Capsules","Vitamins","15","29","Male","52","Canada","435","Feb","1"
"327","2022-01-20","Simvastatin","Cholesterol Management","15","10","Male","64","USA","150","Jan","1"
"328","2022-06-10","Simvastatin","Cholesterol Management","25","12","Male","55","UK","300","Jun","2"
"329","2022-10-29","Vitamin D","Vitamins","40","15","Male","56","Canada","600","Oct","4"
"330","2022-12-25","Amoxicillin","Antibiotics","40","9","Male","28","Canada","360","Dec","4"
"331","2022-02-11","Aspirin","Pain Relief","35","23","Male","26","UK","805","Feb","1"
"332","2022-05-04","Vitamin D","Vitamins","15","8","Male","47","Canada","120","May","2"
"333","2022-09-04","Ibuprofen","Pain Relief","20","17","Female","47","Canada","340","Sep","3"
"334","2022-08-13","Lipitor","Cholesterol Management","40","20","Male","51","USA","800","Aug","3"
"335","2022-02-09","Amoxicillin","Antibiotics","30","16","Male","54","UK","480","Feb","1"
"336","2022-08-14","Aspirin","Pain Relief","20","17","Female","58","UK","340","Aug","3"
"337","2022-11-25","Vitamin D","Vitamins","35","30","Female","64","UK","1050","Nov","4"
"338","2022-03-11","Lipitor","Cholesterol Management","30","21","Female","28","Canada","630","Mar","1"
"339","2022-10-17","Vitamin D","Vitamins","30","2","Male","58","USA","60","Oct","4"
"340","2022-04-06","Fish Oil Capsules","Vitamins","50","4","Female","30","USA","200","Apr","2"
"341","2022-09-16","Ibuprofen","Pain Relief","20","11","Male","31","USA","220","Sep","3"
"342","2022-05-05","Fish Oil Capsules","Vitamins","50","9","Female","44","Canada","450","May","2"
"343","2022-11-02","Fish Oil Capsules","Vitamins","35","11","Female","26","Canada","385","Nov","4"
"344","2022-10-21","Simvastatin","Cholesterol Management","15","25","Female","44","USA","375","Oct","4"
"345","2022-09-19","Ibuprofen","Pain Relief","25","1","Male","55","UK","25","Sep","3"
"346","2022-10-18","Aspirin","Pain Relief","5","9","Male","19","UK","45","Oct","4"
"347","2022-10-12","Simvastatin","Cholesterol Management","25","3","Male","31","Canada","75","Oct","4"
"348","2022-07-09","Fish Oil Capsules","Vitamins","15","23","Female","19","Canada","345","Jul","3"
"349","2022-11-23","Fish Oil Capsules","Vitamins","45","21","Male","38","UK","945","Nov","4"
"350","2022-09-26","Ciprofloxacin","Antibiotics","35","1","Female","29","Canada","35","Sep","3"
"351","2022-11-23","Vitamin D","Vitamins","10","20","Female","18","Canada","200","Nov","4"
"352","2022-01-12","Vitamin D","Vitamins","25","2","Male","37","Canada","50","Jan","1"
"353","2022-09-25","Fish Oil Capsules","Vitamins","30","20","Male","47","Canada","600","Sep","3"
"354","2022-01-04","Lipitor","Cholesterol Management","20","3","Female","48","USA","60","Jan","1"
"355","2022-12-30","Aspirin","Pain Relief","40","16","Female","32","Canada","640","Dec","4"
"356","2022-12-28","Amoxicillin","Antibiotics","35","9","Female","43","Canada","315","Dec","4"
"357","2022-02-06","Ciprofloxacin","Antibiotics","5","24","Male","35","USA","120","Feb","1"
"358","2022-07-24","Vitamin D","Vitamins","50","28","Male","25","USA","1400","Jul","3"
"359","2022-03-31","Amoxicillin","Antibiotics","25","2","Male","26","UK","50","Mar","1"
"360","2022-02-02","Aspirin","Pain Relief","20","7","Male","50","UK","140","Feb","1"
"361","2022-12-26","Lipitor","Cholesterol Management","45","16","Male","61","UK","720","Dec","4"
"362","2022-02-02","Amoxicillin","Antibiotics","40","23","Male","50","UK","920","Feb","1"
"363","2022-04-07","Ibuprofen","Pain Relief","5","17","Male","61","USA","85","Apr","2"
"364","2022-11-08","Simvastatin","Cholesterol Management","45","26","Female","41","USA","1170","Nov","4"
"365","2022-06-24","Vitamin D","Vitamins","5","27","Male","65","USA","135","Jun","2"
"366","2022-07-24","Vitamin D","Vitamins","15","11","Female","65","Canada","165","Jul","3"
"367","2022-02-21","Amoxicillin","Antibiotics","25","14","Female","47","UK","350","Feb","1"
"368","2022-12-18","Vitamin D","Vitamins","20","16","Male","37","UK","320","Dec","4"
"369","2022-06-14","Aspirin","Pain Relief","15","26","Female","23","USA","390","Jun","2"
"370","2022-07-28","Amoxicillin","Antibiotics","45","18","Male","33","UK","810","Jul","3"
"371","2022-11-30","Vitamin D","Vitamins","45","10","Male","38","Canada","450","Nov","4"
"372","2022-09-08","Ibuprofen","Pain Relief","20","3","Male","35","Canada","60","Sep","3"
"373","2022-05-31","Vitamin D","Vitamins","15","5","Male","27","UK","75","May","2"
"374","2022-11-27","Fish Oil Capsules","Vitamins","50","27","Male","57","UK","1350","Nov","4"
"375","2022-10-01","Ciprofloxacin","Antibiotics","30","19","Male","59","UK","570","Oct","4"
"376","2022-02-22","Lipitor","Cholesterol Management","15","19","Male","59","Canada","285","Feb","1"
"377","2022-01-15","Amoxicillin","Antibiotics","30","15","Female","25","Canada","450","Jan","1"
"378","2022-11-23","Ibuprofen","Pain Relief","40","9","Male","41","Canada","360","Nov","4"
"379","2022-01-17","Aspirin","Pain Relief","25","15","Female","27","USA","375","Jan","1"
"380","2022-09-17","Ciprofloxacin","Antibiotics","20","9","Male","55","Canada","180","Sep","3"
"381","2022-08-19","Aspirin","Pain Relief","5","9","Male","34","USA","45","Aug","3"
"382","2022-07-06","Ibuprofen","Pain Relief","10","9","Male","49","USA","90","Jul","3"
"383","2022-07-10","Simvastatin","Cholesterol Management","40","26","Male","21","USA","1040","Jul","3"
"384","2022-04-10","Ciprofloxacin","Antibiotics","20","9","Female","36","Canada","180","Apr","2"
"385","2022-11-09","Simvastatin","Cholesterol Management","30","13","Female","65","UK","390","Nov","4"
"386","2022-04-12","Ibuprofen","Pain Relief","45","13","Male","48","UK","585","Apr","2"
"387","2022-06-16","Lipitor","Cholesterol Management","25","24","Male","45","Canada","600","Jun","2"
"388","2022-05-05","Amoxicillin","Antibiotics","15","22","Female","25","Canada","330","May","2"
"389","2022-06-08","Ciprofloxacin","Antibiotics","5","3","Female","56","Canada","15","Jun","2"
"390","2022-01-12","Ciprofloxacin","Antibiotics","40","12","Female","47","USA","480","Jan","1"
"391","2022-07-28","Lipitor","Cholesterol Management","15","30","Female","60","USA","450","Jul","3"
"392","2022-12-04","Ciprofloxacin","Antibiotics","50","8","Female","64","Canada","400","Dec","4"
"393","2022-10-12","Ibuprofen","Pain Relief","15","9","Female","35","UK","135","Oct","4"
"394","2022-02-06","Amoxicillin","Antibiotics","10","25","Male","59","UK","250","Feb","1"
"395","2022-08-06","Aspirin","Pain Relief","30","8","Male","22","UK","240","Aug","3"
"396","2022-02-08","Simvastatin","Cholesterol Management","35","16","Female","45","UK","560","Feb","1"
"397","2022-06-09","Fish Oil Capsules","Vitamins","40","27","Female","20","USA","1080","Jun","2"
"398","2022-02-14","Lipitor","Cholesterol Management","10","28","Female","46","Canada","280","Feb","1"
"399","2022-12-01","Vitamin D","Vitamins","25","15","Male","23","USA","375","Dec","4"
"400","2022-12-23","Ciprofloxacin","Antibiotics","35","10","Female","54","USA","350","Dec","4"
"401","2022-12-01","Ciprofloxacin","Antibiotics","40","1","Female","26","USA","40","Dec","4"
"402","2022-10-14","Fish Oil Capsules","Vitamins","30","9","Female","37","Canada","270","Oct","4"
"403","2022-10-02","Amoxicillin","Antibiotics","45","24","Female","44","Canada","1080","Oct","4"
"404","2022-02-10","Aspirin","Pain Relief","50","14","Male","47","UK","700","Feb","1"
"405","2022-06-06","Aspirin","Pain Relief","5","20","Female","45","USA","100","Jun","2"
"406","2022-08-25","Aspirin","Pain Relief","15","24","Female","23","USA","360","Aug","3"
"407","2022-06-26","Amoxicillin","Antibiotics","5","24","Female","44","UK","120","Jun","2"
"408","2022-04-27","Vitamin D","Vitamins","50","15","Male","59","USA","750","Apr","2"
"409","2022-08-29","Vitamin D","Vitamins","40","16","Male","38","Canada","640","Aug","3"
"410","2022-10-07","Vitamin D","Vitamins","35","1","Female","32","Canada","35","Oct","4"
"411","2022-06-07","Ciprofloxacin","Antibiotics","5","20","Male","60","Canada","100","Jun","2"
"412","2022-07-06","Ibuprofen","Pain Relief","35","16","Female","39","USA","560","Jul","3"
"413","2022-10-04","Lipitor","Cholesterol Management","40","1","Female","49","UK","40","Oct","4"
"414","2022-12-18","Vitamin D","Vitamins","30","30","Female","58","Canada","900","Dec","4"
"415","2022-02-26","Ibuprofen","Pain Relief","40","9","Female","34","UK","360","Feb","1"
"416","2022-10-28","Fish Oil Capsules","Vitamins","15","14","Female","18","USA","210","Oct","4"
"417","2022-11-04","Vitamin D","Vitamins","25","4","Female","63","Canada","100","Nov","4"
"418","2022-06-08","Aspirin","Pain Relief","15","30","Male","41","UK","450","Jun","2"
"419","2022-01-10","Aspirin","Pain Relief","40","28","Male","21","UK","1120","Jan","1"
"420","2022-12-03","Lipitor","Cholesterol Management","20","27","Female","19","Canada","540","Dec","4"
"421","2022-11-12","Amoxicillin","Antibiotics","35","11","Female","21","USA","385","Nov","4"
"422","2022-11-20","Simvastatin","Cholesterol Management","5","2","Male","53","UK","10","Nov","4"
"423","2022-10-16","Fish Oil Capsules","Vitamins","45","19","Female","64","USA","855","Oct","4"
"424","2022-07-26","Lipitor","Cholesterol Management","45","30","Female","47","Canada","1350","Jul","3"
"425","2022-06-27","Lipitor","Cholesterol Management","20","18","Male","28","Canada","360","Jun","2"
"426","2022-05-15","Aspirin","Pain Relief","15","9","Female","41","Canada","135","May","2"
"427","2022-01-01","Lipitor","Cholesterol Management","25","3","Female","36","Canada","75","Jan","1"
"428","2022-04-02","Simvastatin","Cholesterol Management","35","20","Male","63","Canada","700","Apr","2"
"429","2022-04-21","Fish Oil Capsules","Vitamins","20","29","Male","30","UK","580","Apr","2"
"430","2022-03-30","Aspirin","Pain Relief","35","24","Female","63","Canada","840","Mar","1"
"431","2022-08-24","Amoxicillin","Antibiotics","10","4","Female","42","Canada","40","Aug","3"
"432","2022-04-10","Aspirin","Pain Relief","30","7","Male","33","Canada","210","Apr","2"
"433","2022-12-21","Simvastatin","Cholesterol Management","10","13","Female","64","Canada","130","Dec","4"
"434","2022-12-14","Fish Oil Capsules","Vitamins","40","2","Female","60","USA","80","Dec","4"
"435","2022-05-14","Ciprofloxacin","Antibiotics","50","26","Male","35","UK","1300","May","2"
"436","2022-08-08","Fish Oil Capsules","Vitamins","50","13","Female","43","USA","650","Aug","3"
"437","2022-08-03","Simvastatin","Cholesterol Management","20","20","Male","25","UK","400","Aug","3"
"438","2022-09-01","Simvastatin","Cholesterol Management","50","21","Female","53","USA","1050","Sep","3"
"439","2022-01-03","Fish Oil Capsules","Vitamins","30","9","Female","49","USA","270","Jan","1"
"440","2022-04-05","Ciprofloxacin","Antibiotics","25","30","Male","51","UK","750","Apr","2"
"441","2022-08-19","Ibuprofen","Pain Relief","10","3","Female","41","UK","30","Aug","3"
"442","2022-10-15","Vitamin D","Vitamins","20","8","Male","26","USA","160","Oct","4"
"443","2022-04-27","Fish Oil Capsules","Vitamins","10","28","Male","25","UK","280","Apr","2"
"444","2022-03-15","Lipitor","Cholesterol Management","40","10","Male","20","USA","400","Mar","1"
"445","2022-10-09","Simvastatin","Cholesterol Management","5","2","Male","51","UK","10","Oct","4"
"446","2022-08-27","Simvastatin","Cholesterol Management","10","26","Female","23","UK","260","Aug","3"
"447","2022-09-05","Vitamin D","Vitamins","10","4","Male","26","UK","40","Sep","3"
"448","2022-10-15","Amoxicillin","Antibiotics","15","3","Male","49","UK","45","Oct","4"
"449","2022-09-17","Ibuprofen","Pain Relief","10","7","Female","55","UK","70","Sep","3"
"450","2022-07-16","Ibuprofen","Pain Relief","10","9","Female","32","USA","90","Jul","3"
"451","2022-12-06","Fish Oil Capsules","Vitamins","40","6","Male","39","UK","240","Dec","4"
"452","2022-07-25","Aspirin","Pain Relief","50","14","Male","33","Canada","700","Jul","3"
"453","2022-01-09","Vitamin D","Vitamins","15","30","Male","39","Canada","450","Jan","1"
"454","2022-11-19","Vitamin D","Vitamins","10","1","Male","55","USA","10","Nov","4"
"455","2022-12-30","Fish Oil Capsules","Vitamins","40","25","Male","57","USA","1000","Dec","4"
"456","2022-09-22","Vitamin D","Vitamins","5","3","Male","40","UK","15","Sep","3"
"457","2022-12-04","Simvastatin","Cholesterol Management","20","20","Male","19","Canada","400","Dec","4"
"458","2022-10-09","Simvastatin","Cholesterol Management","45","27","Male","52","UK","1215","Oct","4"
"459","2022-03-09","Vitamin D","Vitamins","25","18","Female","29","UK","450","Mar","1"
"460","2022-04-02","Ciprofloxacin","Antibiotics","40","2","Female","50","UK","80","Apr","2"
"461","2022-11-05","Simvastatin","Cholesterol Management","25","1","Female","51","UK","25","Nov","4"
"462","2022-04-30","Simvastatin","Cholesterol Management","15","6","Female","48","Canada","90","Apr","2"
"463","2022-02-19","Aspirin","Pain Relief","5","3","Male","29","UK","15","Feb","1"
"464","2022-09-10","Lipitor","Cholesterol Management","5","18","Female","41","Canada","90","Sep","3"
"465","2022-05-18","Vitamin D","Vitamins","20","28","Female","36","USA","560","May","2"
"466","2022-11-21","Vitamin D","Vitamins","40","24","Male","56","Canada","960","Nov","4"
"467","2022-12-27","Vitamin D","Vitamins","40","15","Male","45","USA","600","Dec","4"
"468","2022-06-24","Aspirin","Pain Relief","20","20","Female","32","USA","400","Jun","2"
"469","2022-10-23","Simvastatin","Cholesterol Management","40","2","Female","23","USA","80","Oct","4"
"470","2022-03-18","Vitamin D","Vitamins","30","13","Female","47","Canada","390","Mar","1"
"471","2022-05-08","Ibuprofen","Pain Relief","10","16","Female","64","UK","160","May","2"
"472","2022-10-07","Amoxicillin","Antibiotics","30","26","Female","50","Canada","780","Oct","4"
"473","2022-01-23","Vitamin D","Vitamins","50","25","Female","31","USA","1250","Jan","1"
"474","2022-04-12","Ciprofloxacin","Antibiotics","25","6","Female","53","USA","150","Apr","2"
"475","2022-04-09","Simvastatin","Cholesterol Management","20","26","Male","25","Canada","520","Apr","2"
"476","2022-07-21","Ibuprofen","Pain Relief","15","4","Female","63","USA","60","Jul","3"
"477","2022-03-09","Aspirin","Pain Relief","50","2","Female","56","USA","100","Mar","1"
"478","2022-02-18","Amoxicillin","Antibiotics","45","24","Female","52","Canada","1080","Feb","1"
"479","2022-10-29","Aspirin","Pain Relief","10","20","Female","34","USA","200","Oct","4"
"480","2022-05-31","Aspirin","Pain Relief","20","16","Female","65","USA","320","May","2"
"481","2022-05-12","Fish Oil Capsules","Vitamins","25","26","Male","47","USA","650","May","2"
"482","2022-11-25","Ibuprofen","Pain Relief","5","2","Male","56","USA","10","Nov","4"
"483","2022-08-31","Fish Oil Capsules","Vitamins","10","23","Female","46","USA","230","Aug","3"
"484","2022-09-23","Aspirin","Pain Relief","45","26","Female","25","USA","1170","Sep","3"
"485","2022-02-01","Aspirin","Pain Relief","5","19","Male","65","USA","95","Feb","1"
"486","2022-02-12","Aspirin","Pain Relief","5","27","Male","30","Canada","135","Feb","1"
"487","2022-01-31","Aspirin","Pain Relief","15","16","Female","29","UK","240","Jan","1"
"488","2022-10-17","Fish Oil Capsules","Vitamins","35","8","Male","56","Canada","280","Oct","4"
"489","2022-07-13","Lipitor","Cholesterol Management","15","20","Male","21","UK","300","Jul","3"
"490","2022-01-18","Simvastatin","Cholesterol Management","30","5","Male","53","Canada","150","Jan","1"
"491","2022-03-03","Amoxicillin","Antibiotics","35","10","Female","55","UK","350","Mar","1"
"492","2022-11-24","Simvastatin","Cholesterol Management","5","5","Male","18","UK","25","Nov","4"
"493","2022-11-15","Simvastatin","Cholesterol Management","30","16","Female","49","Canada","480","Nov","4"
"494","2022-10-07","Aspirin","Pain Relief","25","18","Female","44","UK","450","Oct","4"
"495","2022-07-17","Amoxicillin","Antibiotics","5","11","Female","31","USA","55","Jul","3"
"496","2022-06-03","Vitamin D","Vitamins","20","18","Male","58","UK","360","Jun","2"
"497","2022-01-21","Ibuprofen","Pain Relief","15","12","Female","53","UK","180","Jan","1"
"498","2022-05-29","Amoxicillin","Antibiotics","5","28","Female","20","USA","140","May","2"
"499","2022-05-01","Amoxicillin","Antibiotics","15","20","Female","45","USA","300","May","2"
"500","2022-06-05","Ciprofloxacin","Antibiotics","10","8","Female","47","Canada","80","Jun","2"
"501","2022-12-27","Lipitor","Cholesterol Management","40","21","Female","51","UK","840","Dec","4"
"502","2022-12-03","Ibuprofen","Pain Relief","20","11","Female","45","USA","220","Dec","4"
"503","2022-01-09","Amoxicillin","Antibiotics","25","27","Male","47","USA","675","Jan","1"
"504","2022-09-26","Ibuprofen","Pain Relief","35","7","Male","47","USA","245","Sep","3"
"505","2022-05-22","Vitamin D","Vitamins","45","16","Male","61","USA","720","May","2"
"506","2022-05-06","Simvastatin","Cholesterol Management","45","28","Male","61","USA","1260","May","2"
"507","2022-07-15","Simvastatin","Cholesterol Management","20","28","Male","54","UK","560","Jul","3"
"508","2022-03-30","Lipitor","Cholesterol Management","50","30","Male","30","USA","1500","Mar","1"
"509","2022-08-22","Aspirin","Pain Relief","25","11","Female","28","UK","275","Aug","3"
"510","2022-09-30","Lipitor","Cholesterol Management","5","13","Male","27","UK","65","Sep","3"
"511","2022-03-19","Fish Oil Capsules","Vitamins","25","24","Female","28","USA","600","Mar","1"
"512","2022-12-30","Aspirin","Pain Relief","40","21","Female","63","Canada","840","Dec","4"
"513","2022-03-08","Ciprofloxacin","Antibiotics","15","9","Female","34","USA","135","Mar","1"
"514","2022-01-27","Simvastatin","Cholesterol Management","5","3","Female","28","UK","15","Jan","1"
"515","2022-12-28","Vitamin D","Vitamins","5","3","Female","28","UK","15","Dec","4"
"516","2022-09-22","Lipitor","Cholesterol Management","10","28","Male","64","Canada","280","Sep","3"
"517","2022-06-26","Ciprofloxacin","Antibiotics","25","21","Male","53","Canada","525","Jun","2"
"518","2022-05-20","Vitamin D","Vitamins","30","30","Male","18","Canada","900","May","2"
"519","2022-12-07","Simvastatin","Cholesterol Management","15","9","Male","19","Canada","135","Dec","4"
"520","2022-01-28","Lipitor","Cholesterol Management","50","21","Male","50","USA","1050","Jan","1"
"521","2022-07-14","Lipitor","Cholesterol Management","20","7","Male","51","UK","140","Jul","3"
"522","2022-09-07","Amoxicillin","Antibiotics","50","28","Male","20","UK","1400","Sep","3"
"523","2022-11-03","Aspirin","Pain Relief","10","1","Female","46","UK","10","Nov","4"
"524","2022-07-05","Vitamin D","Vitamins","40","14","Female","64","UK","560","Jul","3"
"525","2022-03-18","Aspirin","Pain Relief","50","25","Male","50","UK","1250","Mar","1"
"526","2022-11-12","Amoxicillin","Antibiotics","40","2","Male","56","USA","80","Nov","4"
"527","2022-02-15","Ibuprofen","Pain Relief","30","4","Male","52","Canada","120","Feb","1"
"528","2022-12-16","Ciprofloxacin","Antibiotics","35","1","Male","54","UK","35","Dec","4"
"529","2022-03-14","Ibuprofen","Pain Relief","50","21","Female","23","USA","1050","Mar","1"
"530","2022-10-16","Fish Oil Capsules","Vitamins","30","18","Male","35","USA","540","Oct","4"
"531","2022-12-30","Ciprofloxacin","Antibiotics","20","24","Female","38","Canada","480","Dec","4"
"532","2022-06-11","Vitamin D","Vitamins","40","10","Male","53","USA","400","Jun","2"
"533","2022-10-04","Vitamin D","Vitamins","20","27","Male","48","UK","540","Oct","4"
"534","2022-08-18","Amoxicillin","Antibiotics","50","26","Female","49","Canada","1300","Aug","3"
"535","2022-03-28","Aspirin","Pain Relief","15","6","Female","63","UK","90","Mar","1"
"536","2022-02-27","Amoxicillin","Antibiotics","15","23","Male","36","USA","345","Feb","1"
"537","2022-08-11","Vitamin D","Vitamins","10","26","Female","48","USA","260","Aug","3"
"538","2022-05-01","Ibuprofen","Pain Relief","15","19","Male","22","USA","285","May","2"
"539","2022-12-10","Aspirin","Pain Relief","15","16","Male","44","Canada","240","Dec","4"
"540","2022-04-25","Fish Oil Capsules","Vitamins","15","4","Male","35","USA","60","Apr","2"
"541","2022-12-25","Lipitor","Cholesterol Management","50","4","Female","26","USA","200","Dec","4"
"542","2022-05-23","Ibuprofen","Pain Relief","40","18","Male","45","UK","720","May","2"
"543","2022-11-30","Lipitor","Cholesterol Management","40","3","Male","30","USA","120","Nov","4"
"544","2022-04-27","Ciprofloxacin","Antibiotics","30","9","Male","34","Canada","270","Apr","2"
"545","2022-05-08","Fish Oil Capsules","Vitamins","40","29","Female","62","UK","1160","May","2"
"546","2022-10-07","Ciprofloxacin","Antibiotics","30","22","Male","64","Canada","660","Oct","4"
"547","2022-12-15","Ciprofloxacin","Antibiotics","15","24","Female","65","Canada","360","Dec","4"
"548","2022-05-04","Amoxicillin","Antibiotics","30","20","Female","38","USA","600","May","2"
"549","2022-09-02","Amoxicillin","Antibiotics","5","25","Female","64","USA","125","Sep","3"
"550","2022-09-30","Ciprofloxacin","Antibiotics","15","10","Male","19","Canada","150","Sep","3"
"551","2022-11-10","Ibuprofen","Pain Relief","20","15","Female","49","USA","300","Nov","4"
"552","2022-04-08","Vitamin D","Vitamins","25","19","Female","38","USA","475","Apr","2"
"553","2022-05-30","Ibuprofen","Pain Relief","5","21","Male","62","UK","105","May","2"
"554","2022-07-19","Amoxicillin","Antibiotics","35","4","Male","25","UK","140","Jul","3"
"555","2022-11-09","Amoxicillin","Antibiotics","35","21","Male","30","Canada","735","Nov","4"
"556","2022-07-22","Ibuprofen","Pain Relief","10","14","Male","47","USA","140","Jul","3"
"557","2022-08-24","Ibuprofen","Pain Relief","25","2","Female","18","Canada","50","Aug","3"
"558","2022-02-20","Simvastatin","Cholesterol Management","30","19","Female","65","Canada","570","Feb","1"
"559","2022-11-15","Lipitor","Cholesterol Management","30","4","Male","48","USA","120","Nov","4"
"560","2022-06-26","Vitamin D","Vitamins","25","17","Female","52","Canada","425","Jun","2"
"561","2022-08-21","Ciprofloxacin","Antibiotics","50","12","Male","35","Canada","600","Aug","3"
"562","2022-02-09","Simvastatin","Cholesterol Management","20","30","Male","40","Canada","600","Feb","1"
"563","2022-02-27","Vitamin D","Vitamins","15","13","Female","18","Canada","195","Feb","1"
"564","2022-10-24","Vitamin D","Vitamins","40","2","Male","57","USA","80","Oct","4"
"565","2022-05-10","Ibuprofen","Pain Relief","10","28","Male","56","USA","280","May","2"
"566","2022-11-15","Aspirin","Pain Relief","50","30","Female","29","USA","1500","Nov","4"
"567","2022-11-20","Lipitor","Cholesterol Management","20","25","Female","22","UK","500","Nov","4"
"568","2022-01-30","Fish Oil Capsules","Vitamins","5","21","Female","45","USA","105","Jan","1"
"569","2022-04-12","Amoxicillin","Antibiotics","10","6","Male","59","UK","60","Apr","2"
"570","2022-07-05","Fish Oil Capsules","Vitamins","20","8","Male","30","USA","160","Jul","3"
"571","2022-01-16","Simvastatin","Cholesterol Management","50","5","Female","36","Canada","250","Jan","1"
"572","2022-07-21","Fish Oil Capsules","Vitamins","50","14","Male","60","USA","700","Jul","3"
"573","2022-08-30","Ciprofloxacin","Antibiotics","30","23","Male","42","UK","690","Aug","3"
"574","2022-04-23","Amoxicillin","Antibiotics","25","1","Male","28","Canada","25","Apr","2"
"575","2022-02-25","Vitamin D","Vitamins","35","6","Female","34","USA","210","Feb","1"
"576","2022-10-06","Lipitor","Cholesterol Management","25","28","Male","54","UK","700","Oct","4"
"577","2022-03-16","Ibuprofen","Pain Relief","50","1","Male","31","Canada","50","Mar","1"
"578","2022-11-16","Amoxicillin","Antibiotics","5","2","Female","34","UK","10","Nov","4"
"579","2022-09-16","Aspirin","Pain Relief","25","29","Male","38","USA","725","Sep","3"
"580","2022-11-06","Vitamin D","Vitamins","10","2","Male","42","UK","20","Nov","4"
"581","2022-05-21","Aspirin","Pain Relief","5","20","Male","19","Canada","100","May","2"
"582","2022-11-10","Fish Oil Capsules","Vitamins","45","5","Male","20","USA","225","Nov","4"
"583","2022-12-15","Simvastatin","Cholesterol Management","5","29","Female","60","USA","145","Dec","4"
"584","2022-10-17","Ibuprofen","Pain Relief","45","23","Female","30","USA","1035","Oct","4"
"585","2022-07-21","Lipitor","Cholesterol Management","15","14","Female","23","USA","210","Jul","3"
"586","2022-04-27","Vitamin D","Vitamins","10","16","Female","49","Canada","160","Apr","2"
"587","2022-11-24","Ibuprofen","Pain Relief","45","29","Female","57","UK","1305","Nov","4"
"588","2022-10-07","Ciprofloxacin","Antibiotics","5","24","Male","23","USA","120","Oct","4"
"589","2022-03-12","Amoxicillin","Antibiotics","10","12","Male","22","Canada","120","Mar","1"
"590","2022-03-01","Amoxicillin","Antibiotics","35","27","Female","32","Canada","945","Mar","1"
"591","2022-10-22","Lipitor","Cholesterol Management","5","26","Female","35","Canada","130","Oct","4"
"592","2022-01-14","Ciprofloxacin","Antibiotics","20","9","Female","48","USA","180","Jan","1"
"593","2022-09-12","Simvastatin","Cholesterol Management","15","21","Female","20","Canada","315","Sep","3"
"594","2022-11-08","Ibuprofen","Pain Relief","30","6","Male","63","USA","180","Nov","4"
"595","2022-01-29","Lipitor","Cholesterol Management","20","25","Female","57","UK","500","Jan","1"
"596","2022-07-31","Ibuprofen","Pain Relief","40","11","Female","56","UK","440","Jul","3"
"597","2022-01-06","Ciprofloxacin","Antibiotics","40","7","Female","37","Canada","280","Jan","1"
"598","2022-01-14","Fish Oil Capsules","Vitamins","40","26","Female","21","Canada","1040","Jan","1"
"599","2022-10-14","Vitamin D","Vitamins","45","13","Male","46","Canada","585","Oct","4"
"600","2022-09-17","Vitamin D","Vitamins","15","18","Female","38","Canada","270","Sep","3"
"601","2022-06-17","Vitamin D","Vitamins","15","23","Male","30","UK","345","Jun","2"
"602","2022-05-11","Simvastatin","Cholesterol Management","10","25","Female","24","Canada","250","May","2"
"603","2022-10-27","Fish Oil Capsules","Vitamins","20","20","Female","57","Canada","400","Oct","4"
"604","2022-11-28","Ciprofloxacin","Antibiotics","35","27","Male","60","UK","945","Nov","4"
"605","2022-04-06","Aspirin","Pain Relief","35","22","Male","32","USA","770","Apr","2"
"606","2022-07-27","Ciprofloxacin","Antibiotics","15","15","Male","43","USA","225","Jul","3"
"607","2022-10-06","Vitamin D","Vitamins","25","15","Male","58","UK","375","Oct","4"
"608","2022-09-03","Ibuprofen","Pain Relief","25","3","Male","39","Canada","75","Sep","3"
"609","2022-04-29","Amoxicillin","Antibiotics","20","20","Female","59","UK","400","Apr","2"
"610","2022-01-09","Ibuprofen","Pain Relief","45","25","Male","59","Canada","1125","Jan","1"
"611","2022-07-28","Fish Oil Capsules","Vitamins","50","15","Female","33","UK","750","Jul","3"
"612","2022-12-29","Simvastatin","Cholesterol Management","5","23","Female","40","Canada","115","Dec","4"
"613","2022-04-03","Vitamin D","Vitamins","50","29","Female","49","USA","1450","Apr","2"
"614","2022-09-24","Aspirin","Pain Relief","15","7","Male","21","Canada","105","Sep","3"
"615","2022-05-10","Ciprofloxacin","Antibiotics","5","27","Male","53","UK","135","May","2"
"616","2022-09-20","Fish Oil Capsules","Vitamins","5","9","Female","59","USA","45","Sep","3"
"617","2022-09-20","Vitamin D","Vitamins","35","22","Female","20","Canada","770","Sep","3"
"618","2022-10-31","Aspirin","Pain Relief","45","16","Female","35","UK","720","Oct","4"
"619","2022-10-01","Lipitor","Cholesterol Management","25","9","Female","33","Canada","225","Oct","4"
"620","2022-02-12","Fish Oil Capsules","Vitamins","40","23","Female","52","USA","920","Feb","1"
"621","2022-01-18","Aspirin","Pain Relief","5","17","Female","34","UK","85","Jan","1"
"622","2022-03-19","Ciprofloxacin","Antibiotics","25","26","Male","39","USA","650","Mar","1"
"623","2022-06-29","Lipitor","Cholesterol Management","15","7","Female","33","Canada","105","Jun","2"
"624","2022-04-29","Simvastatin","Cholesterol Management","50","8","Female","30","Canada","400","Apr","2"
"625","2022-11-15","Aspirin","Pain Relief","50","14","Female","50","Canada","700","Nov","4"
"626","2022-06-28","Fish Oil Capsules","Vitamins","50","29","Female","39","Canada","1450","Jun","2"
"627","2022-01-17","Vitamin D","Vitamins","25","23","Female","40","Canada","575","Jan","1"
"628","2022-11-29","Ciprofloxacin","Antibiotics","15","21","Female","50","Canada","315","Nov","4"
"629","2022-03-16","Vitamin D","Vitamins","30","4","Male","61","Canada","120","Mar","1"
"630","2022-11-14","Simvastatin","Cholesterol Management","20","1","Female","34","USA","20","Nov","4"
"631","2022-03-02","Aspirin","Pain Relief","35","17","Male","39","UK","595","Mar","1"
"632","2022-10-28","Amoxicillin","Antibiotics","40","15","Male","32","UK","600","Oct","4"
"633","2022-03-16","Amoxicillin","Antibiotics","15","16","Male","27","USA","240","Mar","1"
"634","2022-09-28","Simvastatin","Cholesterol Management","30","30","Female","37","Canada","900","Sep","3"
"635","2022-03-29","Lipitor","Cholesterol Management","5","18","Female","38","UK","90","Mar","1"
"636","2022-01-28","Vitamin D","Vitamins","45","5","Male","35","Canada","225","Jan","1"
"637","2022-11-02","Fish Oil Capsules","Vitamins","30","7","Female","57","Canada","210","Nov","4"
"638","2022-11-12","Vitamin D","Vitamins","10","28","Female","58","USA","280","Nov","4"
"639","2022-11-03","Fish Oil Capsules","Vitamins","25","5","Male","35","Canada","125","Nov","4"
"640","2022-06-24","Lipitor","Cholesterol Management","20","21","Male","25","USA","420","Jun","2"
"641","2022-07-14","Simvastatin","Cholesterol Management","35","19","Male","38","Canada","665","Jul","3"
"642","2022-05-24","Aspirin","Pain Relief","15","27","Male","41","Canada","405","May","2"
"643","2022-07-03","Lipitor","Cholesterol Management","45","27","Male","56","UK","1215","Jul","3"
"644","2022-01-20","Ciprofloxacin","Antibiotics","40","22","Female","20","USA","880","Jan","1"
"645","2022-08-21","Fish Oil Capsules","Vitamins","20","3","Female","65","USA","60","Aug","3"
"646","2022-08-31","Ciprofloxacin","Antibiotics","5","8","Male","60","Canada","40","Aug","3"
"647","2022-03-19","Amoxicillin","Antibiotics","5","2","Male","45","UK","10","Mar","1"
"648","2022-08-25","Simvastatin","Cholesterol Management","5","23","Male","32","Canada","115","Aug","3"
"649","2022-06-02","Aspirin","Pain Relief","25","11","Female","61","USA","275","Jun","2"
"650","2022-05-15","Amoxicillin","Antibiotics","25","5","Female","45","UK","125","May","2"
"651","2022-03-27","Aspirin","Pain Relief","20","3","Male","29","UK","60","Mar","1"
"652","2022-07-15","Ciprofloxacin","Antibiotics","25","17","Female","23","USA","425","Jul","3"
"653","2022-02-03","Simvastatin","Cholesterol Management","25","2","Female","39","Canada","50","Feb","1"
"654","2022-03-11","Aspirin","Pain Relief","40","13","Male","60","UK","520","Mar","1"
"655","2022-08-26","Amoxicillin","Antibiotics","15","11","Male","56","Canada","165","Aug","3"
"656","2022-11-04","Amoxicillin","Antibiotics","45","7","Male","52","Canada","315","Nov","4"
"657","2022-04-21","Simvastatin","Cholesterol Management","15","1","Male","52","Canada","15","Apr","2"
"658","2022-01-10","Ibuprofen","Pain Relief","10","18","Female","54","Canada","180","Jan","1"
"659","2022-02-13","Vitamin D","Vitamins","5","8","Female","57","USA","40","Feb","1"
"660","2022-10-10","Ciprofloxacin","Antibiotics","25","21","Male","41","USA","525","Oct","4"
"661","2022-03-29","Fish Oil Capsules","Vitamins","10","19","Male","57","UK","190","Mar","1"
"662","2022-02-05","Fish Oil Capsules","Vitamins","30","8","Female","65","USA","240","Feb","1"
"663","2022-05-23","Ciprofloxacin","Antibiotics","30","4","Male","46","USA","120","May","2"
"664","2022-12-15","Ciprofloxacin","Antibiotics","30","6","Male","61","Canada","180","Dec","4"
"665","2022-04-13","Vitamin D","Vitamins","40","11","Female","63","USA","440","Apr","2"
"666","2022-08-31","Vitamin D","Vitamins","20","18","Male","25","UK","360","Aug","3"
"667","2022-10-26","Aspirin","Pain Relief","10","9","Female","59","Canada","90","Oct","4"
"668","2022-08-30","Simvastatin","Cholesterol Management","35","12","Male","41","USA","420","Aug","3"
"669","2022-06-14","Aspirin","Pain Relief","35","20","Female","27","USA","700","Jun","2"
"670","2022-07-25","Fish Oil Capsules","Vitamins","45","29","Female","61","UK","1305","Jul","3"
"671","2022-04-21","Ibuprofen","Pain Relief","10","15","Female","40","UK","150","Apr","2"
"672","2022-09-19","Aspirin","Pain Relief","25","29","Male","27","Canada","725","Sep","3"
"673","2022-12-08","Ibuprofen","Pain Relief","45","28","Male","38","USA","1260","Dec","4"
"674","2022-12-15","Amoxicillin","Antibiotics","45","10","Female","45","UK","450","Dec","4"
"675","2022-08-23","Amoxicillin","Antibiotics","10","12","Female","25","USA","120","Aug","3"
"676","2022-07-30","Amoxicillin","Antibiotics","30","20","Male","37","Canada","600","Jul","3"
"677","2022-04-07","Aspirin","Pain Relief","50","3","Female","29","UK","150","Apr","2"
"678","2022-04-24","Aspirin","Pain Relief","40","26","Male","44","Canada","1040","Apr","2"
"679","2022-10-28","Ibuprofen","Pain Relief","20","12","Female","64","UK","240","Oct","4"
"680","2022-07-24","Lipitor","Cholesterol Management","35","23","Female","18","UK","805","Jul","3"
"681","2022-05-04","Lipitor","Cholesterol Management","20","4","Female","43","USA","80","May","2"
"682","2022-02-08","Ibuprofen","Pain Relief","25","1","Female","34","Canada","25","Feb","1"
"683","2022-01-11","Lipitor","Cholesterol Management","30","19","Female","53","Canada","570","Jan","1"
"684","2022-07-30","Ciprofloxacin","Antibiotics","30","14","Female","62","UK","420","Jul","3"
"685","2022-12-26","Simvastatin","Cholesterol Management","5","14","Male","58","Canada","70","Dec","4"
"686","2022-11-05","Vitamin D","Vitamins","20","10","Male","59","Canada","200","Nov","4"
"687","2022-01-18","Ciprofloxacin","Antibiotics","15","21","Male","59","USA","315","Jan","1"
"688","2022-12-10","Ciprofloxacin","Antibiotics","45","21","Male","64","USA","945","Dec","4"
"689","2022-02-24","Simvastatin","Cholesterol Management","25","2","Female","37","Canada","50","Feb","1"
"690","2022-12-07","Fish Oil Capsules","Vitamins","50","1","Female","36","USA","50","Dec","4"
"691","2022-07-05","Ibuprofen","Pain Relief","35","30","Female","23","USA","1050","Jul","3"
"692","2022-09-04","Ciprofloxacin","Antibiotics","25","30","Female","22","Canada","750","Sep","3"
"693","2022-10-27","Lipitor","Cholesterol Management","45","11","Male","32","USA","495","Oct","4"
"694","2022-11-09","Ibuprofen","Pain Relief","5","2","Female","35","UK","10","Nov","4"
"695","2022-06-28","Ibuprofen","Pain Relief","10","28","Female","51","UK","280","Jun","2"
"696","2022-03-17","Aspirin","Pain Relief","5","10","Male","36","Canada","50","Mar","1"
"697","2022-02-04","Simvastatin","Cholesterol Management","20","9","Male","28","USA","180","Feb","1"
"698","2022-02-07","Fish Oil Capsules","Vitamins","20","14","Male","57","Canada","280","Feb","1"
"699","2022-04-06","Aspirin","Pain Relief","10","21","Female","44","UK","210","Apr","2"
"700","2022-11-26","Aspirin","Pain Relief","20","7","Female","60","UK","140","Nov","4"
"701","2022-08-16","Ciprofloxacin","Antibiotics","35","8","Female","52","Canada","280","Aug","3"
"702","2022-05-25","Amoxicillin","Antibiotics","30","23","Female","50","Canada","690","May","2"
"703","2022-08-20","Simvastatin","Cholesterol Management","25","16","Male","38","UK","400","Aug","3"
"704","2022-06-08","Lipitor","Cholesterol Management","50","5","Female","18","USA","250","Jun","2"
"705","2022-12-07","Lipitor","Cholesterol Management","50","29","Male","44","UK","1450","Dec","4"
"706","2022-01-26","Aspirin","Pain Relief","40","28","Male","23","USA","1120","Jan","1"
"707","2022-09-11","Aspirin","Pain Relief","45","22","Male","46","USA","990","Sep","3"
"708","2022-07-13","Ciprofloxacin","Antibiotics","20","2","Male","28","Canada","40","Jul","3"
"709","2022-12-09","Ibuprofen","Pain Relief","45","11","Female","60","UK","495","Dec","4"
"710","2022-08-25","Aspirin","Pain Relief","35","13","Female","40","USA","455","Aug","3"
"711","2022-01-31","Ciprofloxacin","Antibiotics","50","10","Male","31","UK","500","Jan","1"
"712","2022-08-23","Amoxicillin","Antibiotics","30","25","Female","52","UK","750","Aug","3"
"713","2022-02-17","Amoxicillin","Antibiotics","20","18","Male","45","USA","360","Feb","1"
"714","2022-11-29","Vitamin D","Vitamins","50","22","Female","41","UK","1100","Nov","4"
"715","2022-01-31","Simvastatin","Cholesterol Management","5","30","Male","21","USA","150","Jan","1"
"716","2022-07-21","Vitamin D","Vitamins","35","13","Male","23","Canada","455","Jul","3"
"717","2022-06-21","Simvastatin","Cholesterol Management","45","29","Female","21","USA","1305","Jun","2"
"718","2022-06-21","Vitamin D","Vitamins","20","25","Male","57","UK","500","Jun","2"
"719","2022-05-28","Vitamin D","Vitamins","25","2","Female","19","UK","50","May","2"
"720","2022-05-21","Ibuprofen","Pain Relief","45","14","Male","37","USA","630","May","2"
"721","2022-01-07","Ciprofloxacin","Antibiotics","35","23","Male","58","USA","805","Jan","1"
"722","2022-09-11","Aspirin","Pain Relief","50","13","Male","31","UK","650","Sep","3"
"723","2022-06-05","Ciprofloxacin","Antibiotics","10","22","Male","49","USA","220","Jun","2"
"724","2022-01-23","Aspirin","Pain Relief","25","20","Male","22","USA","500","Jan","1"
"725","2022-10-13","Amoxicillin","Antibiotics","50","1","Male","32","USA","50","Oct","4"
"726","2022-10-03","Amoxicillin","Antibiotics","35","7","Female","32","USA","245","Oct","4"
"727","2022-04-24","Fish Oil Capsules","Vitamins","5","5","Male","18","UK","25","Apr","2"
"728","2022-12-13","Ibuprofen","Pain Relief","5","6","Female","47","USA","30","Dec","4"
"729","2022-06-22","Lipitor","Cholesterol Management","5","11","Female","41","Canada","55","Jun","2"
"730","2022-10-11","Aspirin","Pain Relief","30","26","Female","44","UK","780","Oct","4"
"731","2022-07-05","Vitamin D","Vitamins","15","5","Male","44","UK","75","Jul","3"
"732","2022-02-22","Amoxicillin","Antibiotics","5","30","Female","36","USA","150","Feb","1"
"733","2022-04-11","Ibuprofen","Pain Relief","10","23","Female","27","Canada","230","Apr","2"
"734","2022-12-31","Ciprofloxacin","Antibiotics","30","6","Male","26","UK","180","Dec","4"
"735","2022-09-16","Ciprofloxacin","Antibiotics","5","25","Male","39","USA","125","Sep","3"
"736","2022-06-06","Ciprofloxacin","Antibiotics","45","8","Male","23","UK","360","Jun","2"
"737","2022-10-25","Amoxicillin","Antibiotics","30","29","Male","63","USA","870","Oct","4"
"738","2022-05-12","Simvastatin","Cholesterol Management","15","21","Male","55","UK","315","May","2"
"739","2022-07-07","Ciprofloxacin","Antibiotics","30","29","Female","42","UK","870","Jul","3"
"740","2022-07-04","Ibuprofen","Pain Relief","5","11","Female","62","Canada","55","Jul","3"
"741","2022-03-13","Lipitor","Cholesterol Management","30","4","Female","50","USA","120","Mar","1"
"742","2022-05-28","Ciprofloxacin","Antibiotics","25","11","Female","44","Canada","275","May","2"
"743","2022-10-29","Lipitor","Cholesterol Management","25","20","Male","33","USA","500","Oct","4"
"744","2022-07-20","Aspirin","Pain Relief","10","2","Female","57","USA","20","Jul","3"
"745","2022-03-10","Simvastatin","Cholesterol Management","15","4","Male","57","USA","60","Mar","1"
"746","2022-07-10","Lipitor","Cholesterol Management","5","20","Male","26","UK","100","Jul","3"
"747","2022-05-13","Simvastatin","Cholesterol Management","45","11","Female","64","USA","495","May","2"
"748","2022-01-03","Vitamin D","Vitamins","15","16","Male","29","Canada","240","Jan","1"
"749","2022-09-20","Amoxicillin","Antibiotics","20","9","Male","18","UK","180","Sep","3"
"750","2022-08-23","Ciprofloxacin","Antibiotics","25","7","Female","49","UK","175","Aug","3"
"751","2022-07-14","Ibuprofen","Pain Relief","25","28","Female","23","Canada","700","Jul","3"
"752","2022-12-29","Ibuprofen","Pain Relief","30","2","Female","63","USA","60","Dec","4"
"753","2022-04-28","Amoxicillin","Antibiotics","50","7","Female","22","UK","350","Apr","2"
"754","2022-09-29","Amoxicillin","Antibiotics","15","21","Female","49","Canada","315","Sep","3"
"755","2022-04-20","Fish Oil Capsules","Vitamins","35","13","Male","35","UK","455","Apr","2"
"756","2022-05-24","Vitamin D","Vitamins","20","26","Male","58","USA","520","May","2"
"757","2022-06-02","Amoxicillin","Antibiotics","45","30","Female","21","UK","1350","Jun","2"
"758","2022-05-22","Lipitor","Cholesterol Management","35","25","Female","53","Canada","875","May","2"
"759","2022-09-14","Fish Oil Capsules","Vitamins","40","25","Female","27","UK","1000","Sep","3"
"760","2022-05-13","Amoxicillin","Antibiotics","15","24","Male","25","USA","360","May","2"
"761","2022-12-08","Simvastatin","Cholesterol Management","5","18","Female","24","Canada","90","Dec","4"
"762","2022-09-15","Lipitor","Cholesterol Management","30","9","Female","52","USA","270","Sep","3"
"763","2022-11-11","Simvastatin","Cholesterol Management","35","11","Female","45","UK","385","Nov","4"
"764","2022-01-19","Simvastatin","Cholesterol Management","50","14","Male","33","Canada","700","Jan","1"
"765","2022-08-10","Amoxicillin","Antibiotics","30","28","Male","25","Canada","840","Aug","3"
"766","2022-02-10","Amoxicillin","Antibiotics","10","18","Male","61","UK","180","Feb","1"
"767","2022-06-17","Amoxicillin","Antibiotics","25","26","Male","22","USA","650","Jun","2"
"768","2022-07-30","Ciprofloxacin","Antibiotics","5","4","Female","27","USA","20","Jul","3"
"769","2022-02-23","Vitamin D","Vitamins","15","5","Female","48","Canada","75","Feb","1"
"770","2022-11-12","Lipitor","Cholesterol Management","35","11","Male","26","USA","385","Nov","4"
"771","2022-05-11","Simvastatin","Cholesterol Management","50","7","Female","21","Canada","350","May","2"
"772","2022-08-16","Ibuprofen","Pain Relief","50","8","Female","45","Canada","400","Aug","3"
"773","2022-06-06","Lipitor","Cholesterol Management","40","11","Female","52","UK","440","Jun","2"
"774","2022-12-02","Aspirin","Pain Relief","30","29","Female","45","USA","870","Dec","4"
"775","2022-11-03","Ciprofloxacin","Antibiotics","45","21","Male","26","UK","945","Nov","4"
"776","2022-05-01","Amoxicillin","Antibiotics","5","18","Female","27","Canada","90","May","2"
"777","2022-10-26","Simvastatin","Cholesterol Management","45","27","Female","49","USA","1215","Oct","4"
"778","2022-08-03","Fish Oil Capsules","Vitamins","35","4","Male","60","UK","140","Aug","3"
"779","2022-05-03","Fish Oil Capsules","Vitamins","35","22","Male","55","Canada","770","May","2"
"780","2022-04-13","Simvastatin","Cholesterol Management","20","4","Male","18","Canada","80","Apr","2"
"781","2022-02-16","Ibuprofen","Pain Relief","25","8","Male","63","UK","200","Feb","1"
"782","2022-04-11","Vitamin D","Vitamins","30","12","Male","59","Canada","360","Apr","2"
"783","2022-12-01","Vitamin D","Vitamins","30","8","Male","23","Canada","240","Dec","4"
"784","2022-06-18","Ciprofloxacin","Antibiotics","20","2","Female","51","UK","40","Jun","2"
"785","2022-07-25","Ibuprofen","Pain Relief","40","12","Male","55","Canada","480","Jul","3"
"786","2022-05-13","Aspirin","Pain Relief","40","6","Male","64","UK","240","May","2"
"787","2022-07-14","Fish Oil Capsules","Vitamins","25","10","Male","19","UK","250","Jul","3"
"788","2022-07-31","Vitamin D","Vitamins","30","11","Female","24","USA","330","Jul","3"
"789","2022-06-16","Lipitor","Cholesterol Management","15","13","Female","62","Canada","195","Jun","2"
"790","2022-12-16","Aspirin","Pain Relief","5","5","Female","63","USA","25","Dec","4"
"791","2022-11-09","Simvastatin","Cholesterol Management","40","28","Female","33","UK","1120","Nov","4"
"792","2022-10-08","Vitamin D","Vitamins","5","24","Female","59","UK","120","Oct","4"
"793","2022-03-10","Fish Oil Capsules","Vitamins","25","25","Female","23","UK","625","Mar","1"
"794","2022-04-26","Lipitor","Cholesterol Management","25","29","Male","56","Canada","725","Apr","2"
"795","2022-08-14","Simvastatin","Cholesterol Management","25","3","Female","49","USA","75","Aug","3"
"796","2022-12-21","Ciprofloxacin","Antibiotics","10","9","Male","39","USA","90","Dec","4"
"797","2022-11-29","Vitamin D","Vitamins","45","23","Male","52","USA","1035","Nov","4"
"798","2022-07-22","Fish Oil Capsules","Vitamins","45","29","Female","36","USA","1305","Jul","3"
"799","2022-12-22","Ibuprofen","Pain Relief","50","14","Male","54","USA","700","Dec","4"
"800","2022-07-23","Ciprofloxacin","Antibiotics","5","27","Female","29","Canada","135","Jul","3"
"801","2022-12-11","Vitamin D","Vitamins","25","29","Female","44","UK","725","Dec","4"
"802","2022-10-07","Simvastatin","Cholesterol Management","35","23","Male","56","USA","805","Oct","4"
"803","2022-10-31","Fish Oil Capsules","Vitamins","20","29","Male","22","Canada","580","Oct","4"
"804","2022-12-09","Simvastatin","Cholesterol Management","45","2","Male","34","Canada","90","Dec","4"
"805","2022-06-06","Ibuprofen","Pain Relief","30","17","Female","30","Canada","510","Jun","2"
"806","2022-05-10","Ciprofloxacin","Antibiotics","15","9","Female","64","Canada","135","May","2"
"807","2022-10-05","Vitamin D","Vitamins","25","16","Male","33","Canada","400","Oct","4"
"808","2022-09-12","Lipitor","Cholesterol Management","40","24","Male","20","UK","960","Sep","3"
"809","2022-02-13","Amoxicillin","Antibiotics","20","25","Male","28","Canada","500","Feb","1"
"810","2022-03-15","Fish Oil Capsules","Vitamins","15","9","Female","54","UK","135","Mar","1"
"811","2022-07-06","Simvastatin","Cholesterol Management","50","21","Male","24","UK","1050","Jul","3"
"812","2022-04-20","Lipitor","Cholesterol Management","15","21","Female","46","UK","315","Apr","2"
"813","2022-09-12","Ibuprofen","Pain Relief","20","18","Female","34","USA","360","Sep","3"
"814","2022-10-11","Aspirin","Pain Relief","50","23","Male","23","UK","1150","Oct","4"
"815","2022-08-19","Vitamin D","Vitamins","10","16","Female","30","UK","160","Aug","3"
"816","2022-05-29","Ciprofloxacin","Antibiotics","30","28","Female","38","Canada","840","May","2"
"817","2022-09-04","Simvastatin","Cholesterol Management","50","16","Male","39","UK","800","Sep","3"
"818","2022-10-22","Simvastatin","Cholesterol Management","5","18","Female","54","UK","90","Oct","4"
"819","2022-03-15","Simvastatin","Cholesterol Management","20","24","Male","49","USA","480","Mar","1"
"820","2022-12-25","Simvastatin","Cholesterol Management","15","8","Female","62","Canada","120","Dec","4"
"821","2022-01-21","Amoxicillin","Antibiotics","35","28","Female","61","USA","980","Jan","1"
"822","2022-06-06","Amoxicillin","Antibiotics","50","1","Male","36","UK","50","Jun","2"
"823","2022-12-31","Lipitor","Cholesterol Management","30","29","Male","30","UK","870","Dec","4"
"824","2022-09-06","Ciprofloxacin","Antibiotics","40","4","Female","48","USA","160","Sep","3"
"825","2022-08-21","Lipitor","Cholesterol Management","15","25","Male","31","UK","375","Aug","3"
"826","2022-02-26","Simvastatin","Cholesterol Management","45","25","Female","55","Canada","1125","Feb","1"
"827","2022-05-25","Ibuprofen","Pain Relief","40","11","Male","34","USA","440","May","2"
"828","2022-02-15","Amoxicillin","Antibiotics","40","4","Male","24","UK","160","Feb","1"
"829","2022-02-27","Ibuprofen","Pain Relief","40","13","Female","59","Canada","520","Feb","1"
"830","2022-01-05","Ciprofloxacin","Antibiotics","10","4","Female","58","USA","40","Jan","1"
"831","2022-05-26","Simvastatin","Cholesterol Management","15","6","Male","58","UK","90","May","2"
"832","2022-01-19","Lipitor","Cholesterol Management","50","15","Male","48","UK","750","Jan","1"
"833","2022-12-29","Amoxicillin","Antibiotics","15","22","Male","25","USA","330","Dec","4"
"834","2022-02-25","Lipitor","Cholesterol Management","15","12","Female","53","USA","180","Feb","1"
"835","2022-11-06","Ibuprofen","Pain Relief","50","4","Female","44","UK","200","Nov","4"
"836","2022-03-22","Ibuprofen","Pain Relief","40","19","Male","27","UK","760","Mar","1"
"837","2022-01-26","Vitamin D","Vitamins","45","29","Male","62","USA","1305","Jan","1"
"838","2022-05-31","Amoxicillin","Antibiotics","30","23","Male","46","UK","690","May","2"
"839","2022-03-05","Ciprofloxacin","Antibiotics","15","18","Male","54","USA","270","Mar","1"
"840","2022-05-01","Aspirin","Pain Relief","5","4","Male","31","USA","20","May","2"
"841","2022-04-25","Lipitor","Cholesterol Management","40","15","Female","45","Canada","600","Apr","2"
"842","2022-05-24","Fish Oil Capsules","Vitamins","15","25","Male","55","UK","375","May","2"
"843","2022-12-20","Simvastatin","Cholesterol Management","45","8","Male","40","Canada","360","Dec","4"
"844","2022-11-05","Ibuprofen","Pain Relief","50","13","Male","22","USA","650","Nov","4"
"845","2022-03-25","Vitamin D","Vitamins","25","29","Female","55","Canada","725","Mar","1"
"846","2022-09-19","Ciprofloxacin","Antibiotics","5","24","Male","56","UK","120","Sep","3"
"847","2022-12-30","Amoxicillin","Antibiotics","45","1","Female","31","Canada","45","Dec","4"
"848","2022-08-24","Ibuprofen","Pain Relief","50","12","Male","65","UK","600","Aug","3"
"849","2022-01-20","Simvastatin","Cholesterol Management","10","8","Male","64","Canada","80","Jan","1"
"850","2022-09-25","Simvastatin","Cholesterol Management","5","5","Female","44","USA","25","Sep","3"
"851","2022-04-16","Vitamin D","Vitamins","35","23","Male","44","UK","805","Apr","2"
"852","2022-07-14","Lipitor","Cholesterol Management","30","29","Female","19","UK","870","Jul","3"
"853","2022-09-12","Fish Oil Capsules","Vitamins","10","17","Female","46","Canada","170","Sep","3"
"854","2022-02-16","Amoxicillin","Antibiotics","45","27","Male","29","Canada","1215","Feb","1"
"855","2022-05-01","Ibuprofen","Pain Relief","50","17","Female","55","UK","850","May","2"
"856","2022-04-22","Amoxicillin","Antibiotics","5","17","Female","58","Canada","85","Apr","2"
"857","2022-07-16","Lipitor","Cholesterol Management","25","29","Male","22","UK","725","Jul","3"
"858","2022-11-10","Lipitor","Cholesterol Management","45","5","Male","51","USA","225","Nov","4"
"859","2022-04-30","Fish Oil Capsules","Vitamins","5","10","Male","52","Canada","50","Apr","2"
"860","2022-07-07","Amoxicillin","Antibiotics","10","8","Female","62","USA","80","Jul","3"
"861","2022-03-21","Ciprofloxacin","Antibiotics","35","23","Female","47","USA","805","Mar","1"
"862","2022-11-19","Vitamin D","Vitamins","50","6","Female","25","Canada","300","Nov","4"
"863","2022-09-22","Aspirin","Pain Relief","40","20","Male","19","Canada","800","Sep","3"
"864","2022-01-19","Aspirin","Pain Relief","5","7","Male","45","USA","35","Jan","1"
"865","2022-01-21","Ibuprofen","Pain Relief","45","5","Female","57","UK","225","Jan","1"
"866","2022-04-03","Amoxicillin","Antibiotics","50","22","Male","37","UK","1100","Apr","2"
"867","2022-05-24","Amoxicillin","Antibiotics","40","7","Female","57","Canada","280","May","2"
"868","2022-03-25","Aspirin","Pain Relief","50","6","Male","22","Canada","300","Mar","1"
"869","2022-11-05","Fish Oil Capsules","Vitamins","20","5","Female","39","USA","100","Nov","4"
"870","2022-12-30","Ciprofloxacin","Antibiotics","20","15","Male","40","Canada","300","Dec","4"
"871","2022-08-26","Lipitor","Cholesterol Management","15","29","Female","56","USA","435","Aug","3"
"872","2022-01-25","Simvastatin","Cholesterol Management","20","15","Female","37","USA","300","Jan","1"
"873","2022-08-01","Fish Oil Capsules","Vitamins","10","19","Female","18","UK","190","Aug","3"
"874","2022-02-12","Fish Oil Capsules","Vitamins","15","24","Female","34","Canada","360","Feb","1"
"875","2022-07-18","Fish Oil Capsules","Vitamins","25","8","Male","40","UK","200","Jul","3"
"876","2022-09-15","Lipitor","Cholesterol Management","15","20","Male","21","UK","300","Sep","3"
"877","2022-02-26","Aspirin","Pain Relief","25","14","Male","23","Canada","350","Feb","1"
"878","2022-10-12","Simvastatin","Cholesterol Management","30","5","Male","35","USA","150","Oct","4"
"879","2022-10-06","Lipitor","Cholesterol Management","50","19","Female","30","UK","950","Oct","4"
"880","2022-11-20","Ibuprofen","Pain Relief","15","15","Male","31","USA","225","Nov","4"
"881","2022-09-14","Ibuprofen","Pain Relief","15","8","Male","38","UK","120","Sep","3"
"882","2022-10-02","Fish Oil Capsules","Vitamins","30","26","Male","35","Canada","780","Oct","4"
"883","2022-06-19","Simvastatin","Cholesterol Management","25","17","Female","40","USA","425","Jun","2"
"884","2022-07-09","Aspirin","Pain Relief","10","9","Female","58","Canada","90","Jul","3"
"885","2022-01-09","Fish Oil Capsules","Vitamins","15","1","Male","21","USA","15","Jan","1"
"886","2022-04-10","Lipitor","Cholesterol Management","15","3","Female","23","UK","45","Apr","2"
"887","2022-06-18","Aspirin","Pain Relief","40","26","Male","35","Canada","1040","Jun","2"
"888","2022-08-08","Lipitor","Cholesterol Management","35","22","Male","50","Canada","770","Aug","3"
"889","2022-04-26","Ibuprofen","Pain Relief","25","6","Female","44","Canada","150","Apr","2"
"890","2022-04-11","Simvastatin","Cholesterol Management","50","6","Female","18","USA","300","Apr","2"
"891","2022-06-11","Fish Oil Capsules","Vitamins","15","24","Male","41","USA","360","Jun","2"
"892","2022-01-03","Fish Oil Capsules","Vitamins","50","12","Male","26","Canada","600","Jan","1"
"893","2022-07-04","Simvastatin","Cholesterol Management","35","9","Male","49","UK","315","Jul","3"
"894","2022-01-03","Ciprofloxacin","Antibiotics","50","20","Female","65","Canada","1000","Jan","1"
"895","2022-04-16","Amoxicillin","Antibiotics","20","29","Male","43","Canada","580","Apr","2"
"896","2022-11-05","Simvastatin","Cholesterol Management","20","20","Male","24","UK","400","Nov","4"
"897","2022-04-08","Aspirin","Pain Relief","30","11","Male","59","UK","330","Apr","2"
"898","2022-02-10","Vitamin D","Vitamins","45","17","Male","48","USA","765","Feb","1"
"899","2022-07-30","Vitamin D","Vitamins","40","24","Female","31","Canada","960","Jul","3"
"900","2022-10-03","Lipitor","Cholesterol Management","25","12","Male","62","Canada","300","Oct","4"
"901","2022-06-02","Fish Oil Capsules","Vitamins","10","8","Female","40","Canada","80","Jun","2"
"902","2022-09-28","Simvastatin","Cholesterol Management","35","17","Male","25","Canada","595","Sep","3"
"903","2022-02-03","Lipitor","Cholesterol Management","10","15","Female","21","USA","150","Feb","1"
"904","2022-02-11","Ciprofloxacin","Antibiotics","35","23","Male","30","Canada","805","Feb","1"
"905","2022-10-18","Simvastatin","Cholesterol Management","45","7","Male","45","USA","315","Oct","4"
"906","2022-01-03","Fish Oil Capsules","Vitamins","25","27","Female","35","USA","675","Jan","1"
"907","2022-10-22","Aspirin","Pain Relief","5","30","Female","30","UK","150","Oct","4"
"908","2022-11-19","Fish Oil Capsules","Vitamins","25","10","Female","24","Canada","250","Nov","4"
"909","2022-07-12","Simvastatin","Cholesterol Management","50","12","Female","20","USA","600","Jul","3"
"910","2022-08-14","Fish Oil Capsules","Vitamins","5","1","Male","62","Canada","5","Aug","3"
"911","2022-09-06","Vitamin D","Vitamins","45","5","Male","41","Canada","225","Sep","3"
"912","2022-04-07","Ibuprofen","Pain Relief","30","23","Female","19","USA","690","Apr","2"
"913","2022-01-22","Ibuprofen","Pain Relief","25","14","Male","20","UK","350","Jan","1"
"914","2022-01-30","Lipitor","Cholesterol Management","5","8","Male","21","UK","40","Jan","1"
"915","2022-05-17","Lipitor","Cholesterol Management","25","1","Male","38","Canada","25","May","2"
"916","2022-10-14","Ibuprofen","Pain Relief","25","4","Female","40","USA","100","Oct","4"
"917","2022-03-09","Simvastatin","Cholesterol Management","35","10","Male","27","Canada","350","Mar","1"
"918","2022-10-16","Amoxicillin","Antibiotics","40","13","Male","42","UK","520","Oct","4"
"919","2022-06-14","Aspirin","Pain Relief","20","3","Female","50","USA","60","Jun","2"
"920","2022-01-27","Ciprofloxacin","Antibiotics","5","7","Male","24","Canada","35","Jan","1"
"921","2022-04-25","Ibuprofen","Pain Relief","45","17","Male","42","USA","765","Apr","2"
"922","2022-11-30","Vitamin D","Vitamins","45","5","Male","58","Canada","225","Nov","4"
"923","2022-06-30","Amoxicillin","Antibiotics","10","27","Female","57","UK","270","Jun","2"
"924","2022-02-26","Aspirin","Pain Relief","15","23","Female","44","UK","345","Feb","1"
"925","2022-11-10","Aspirin","Pain Relief","45","15","Female","18","Canada","675","Nov","4"
"926","2022-12-04","Vitamin D","Vitamins","10","3","Female","38","UK","30","Dec","4"
"927","2022-08-19","Fish Oil Capsules","Vitamins","20","30","Male","37","Canada","600","Aug","3"
"928","2022-10-30","Amoxicillin","Antibiotics","10","27","Female","29","USA","270","Oct","4"
"929","2022-03-02","Fish Oil Capsules","Vitamins","10","17","Male","56","USA","170","Mar","1"
"930","2022-07-27","Fish Oil Capsules","Vitamins","50","15","Male","53","UK","750","Jul","3"
"931","2022-07-21","Vitamin D","Vitamins","45","23","Male","55","USA","1035","Jul","3"
"932","2022-10-17","Aspirin","Pain Relief","15","21","Male","44","UK","315","Oct","4"
"933","2022-03-30","Fish Oil Capsules","Vitamins","25","14","Female","51","Canada","350","Mar","1"
"934","2022-11-06","Fish Oil Capsules","Vitamins","25","14","Male","64","UK","350","Nov","4"
"935","2022-06-22","Ciprofloxacin","Antibiotics","10","13","Female","30","USA","130","Jun","2"
"936","2022-08-15","Simvastatin","Cholesterol Management","10","2","Male","23","Canada","20","Aug","3"
"937","2022-12-25","Ciprofloxacin","Antibiotics","30","6","Male","48","Canada","180","Dec","4"
"938","2022-03-05","Vitamin D","Vitamins","15","13","Female","34","USA","195","Mar","1"
"939","2022-03-17","Amoxicillin","Antibiotics","50","29","Male","30","USA","1450","Mar","1"
"940","2022-01-29","Amoxicillin","Antibiotics","10","23","Male","23","USA","230","Jan","1"
"941","2022-10-17","Vitamin D","Vitamins","30","18","Male","56","USA","540","Oct","4"
"942","2022-12-07","Aspirin","Pain Relief","30","8","Male","54","USA","240","Dec","4"
"943","2022-11-06","Ibuprofen","Pain Relief","45","20","Female","61","USA","900","Nov","4"
"944","2022-07-06","Ciprofloxacin","Antibiotics","35","18","Female","42","UK","630","Jul","3"
"945","2022-07-11","Ciprofloxacin","Antibiotics","30","1","Female","59","UK","30","Jul","3"
"946","2022-02-06","Ciprofloxacin","Antibiotics","15","6","Male","37","USA","90","Feb","1"
"947","2022-09-27","Fish Oil Capsules","Vitamins","5","11","Female","49","UK","55","Sep","3"
"948","2022-04-01","Lipitor","Cholesterol Management","50","1","Male","45","USA","50","Apr","2"
"949","2022-07-01","Aspirin","Pain Relief","35","14","Male","23","USA","490","Jul","3"
"950","2022-07-13","Amoxicillin","Antibiotics","40","5","Female","27","Canada","200","Jul","3"
"951","2022-08-01","Vitamin D","Vitamins","45","12","Male","49","USA","540","Aug","3"
"952","2022-04-05","Aspirin","Pain Relief","10","14","Female","58","UK","140","Apr","2"
"953","2022-09-23","Ciprofloxacin","Antibiotics","40","1","Male","58","UK","40","Sep","3"
"954","2022-12-10","Simvastatin","Cholesterol Management","50","9","Female","20","Canada","450","Dec","4"
"955","2022-01-12","Amoxicillin","Antibiotics","50","27","Male","27","USA","1350","Jan","1"
"956","2022-12-02","Amoxicillin","Antibiotics","25","3","Female","44","UK","75","Dec","4"
"957","2022-12-18","Fish Oil Capsules","Vitamins","15","21","Male","48","UK","315","Dec","4"
"958","2022-10-28","Ciprofloxacin","Antibiotics","50","4","Female","48","USA","200","Oct","4"
"959","2022-12-30","Ibuprofen","Pain Relief","5","20","Female","51","USA","100","Dec","4"
"960","2022-05-08","Lipitor","Cholesterol Management","50","4","Male","45","USA","200","May","2"
"961","2022-06-04","Ciprofloxacin","Antibiotics","50","19","Female","61","USA","950","Jun","2"
"962","2022-10-13","Ciprofloxacin","Antibiotics","35","26","Male","32","UK","910","Oct","4"
"963","2022-06-22","Amoxicillin","Antibiotics","50","4","Male","37","UK","200","Jun","2"
"964","2022-05-19","Aspirin","Pain Relief","25","21","Male","43","UK","525","May","2"
"965","2022-10-19","Ciprofloxacin","Antibiotics","10","15","Male","44","USA","150","Oct","4"
"966","2022-03-05","Fish Oil Capsules","Vitamins","40","15","Male","50","Canada","600","Mar","1"
"967","2022-04-17","Simvastatin","Cholesterol Management","40","13","Male","45","UK","520","Apr","2"
"968","2022-11-22","Amoxicillin","Antibiotics","15","27","Female","53","USA","405","Nov","4"
"969","2022-04-10","Ciprofloxacin","Antibiotics","5","3","Male","50","USA","15","Apr","2"
"970","2022-01-12","Ibuprofen","Pain Relief","40","15","Female","32","Canada","600","Jan","1"
"971","2022-03-26","Aspirin","Pain Relief","10","2","Male","26","UK","20","Mar","1"
"972","2022-08-12","Simvastatin","Cholesterol Management","20","25","Female","22","UK","500","Aug","3"
"973","2022-08-30","Aspirin","Pain Relief","35","9","Female","31","Canada","315","Aug","3"
"974","2022-02-23","Vitamin D","Vitamins","45","4","Female","37","UK","180","Feb","1"
"975","2022-07-04","Lipitor","Cholesterol Management","20","18","Male","65","UK","360","Jul","3"
"976","2022-03-28","Amoxicillin","Antibiotics","10","26","Female","45","UK","260","Mar","1"
"977","2022-10-01","Ciprofloxacin","Antibiotics","20","24","Female","62","UK","480","Oct","4"
"978","2022-05-02","Ciprofloxacin","Antibiotics","25","13","Male","26","USA","325","May","2"
"979","2022-05-08","Fish Oil Capsules","Vitamins","5","3","Male","64","UK","15","May","2"
"980","2022-07-03","Ibuprofen","Pain Relief","10","8","Female","34","UK","80","Jul","3"
"981","2022-11-20","Ciprofloxacin","Antibiotics","15","17","Female","60","USA","255","Nov","4"
"982","2022-09-10","Simvastatin","Cholesterol Management","45","21","Female","52","UK","945","Sep","3"
"983","2022-04-04","Lipitor","Cholesterol Management","10","6","Female","28","Canada","60","Apr","2"
"984","2022-03-05","Ibuprofen","Pain Relief","25","4","Male","37","USA","100","Mar","1"
"985","2022-08-12","Ibuprofen","Pain Relief","40","28","Male","29","Canada","1120","Aug","3"
"986","2022-09-18","Vitamin D","Vitamins","50","4","Male","19","Canada","200","Sep","3"
"987","2022-09-24","Aspirin","Pain Relief","35","15","Male","56","USA","525","Sep","3"
"988","2022-11-24","Ibuprofen","Pain Relief","25","19","Male","39","Canada","475","Nov","4"
"989","2022-10-31","Simvastatin","Cholesterol Management","40","28","Female","50","UK","1120","Oct","4"
"990","2022-03-12","Ciprofloxacin","Antibiotics","50","20","Male","21","UK","1000","Mar","1"
"991","2022-04-27","Simvastatin","Cholesterol Management","30","23","Male","45","USA","690","Apr","2"
"992","2022-03-19","Lipitor","Cholesterol Management","10","9","Male","38","UK","90","Mar","1"
"993","2022-03-30","Ciprofloxacin","Antibiotics","15","11","Male","49","Canada","165","Mar","1"
"994","2022-12-17","Fish Oil Capsules","Vitamins","5","10","Male","20","USA","50","Dec","4"
"995","2022-10-28","Ibuprofen","Pain Relief","15","25","Male","27","UK","375","Oct","4"
"996","2022-09-19","Vitamin D","Vitamins","35","3","Male","52","Canada","105","Sep","3"
"997","2022-07-03","Vitamin D","Vitamins","5","10","Male","42","Canada","50","Jul","3"
"998","2022-12-19","Vitamin D","Vitamins","25","20","Male","39","Canada","500","Dec","4"
"999","2022-10-24","Aspirin","Pain Relief","15","21","Male","42","Canada","315","Oct","4"
"1000","2022-06-07","Aspirin","Pain Relief","40","7","Male","19","UK","280","Jun","2"